{"stats":{"minecraft:killed":{"minecraft:spider":2,"minecraft:skeleton":9,"alexsmobs:skunk":1,"minecraft:salmon":3,"minecraft:creeper":1,"minecraft:sheep":2,"minecraft:zombie":25,"iceandfire:ghost":1,"minecraft:stray":7,"minecraft:wither_skeleton":30,"minecraft:cow":4,"minecraft:enderman":1},"minecraft:mined":{"iceandfire:silver_ore":1,"minecraft:mossy_cobblestone":6,"minecraft:granite":10,"minecraft:spawner":7,"minecraft:furnace":1,"minecraft:carrots":2,"minecraft:iron_ore":59,"minecraft:pointed_dripstone":1,"minecraft:vine":4,"minecraft:deepslate_iron_ore":19,"minecraft:iron_bars":1,"minecraft:stone":232,"minecraft:red_bed":4,"minecraft:torch":1,"minecraft:copper_ore":12,"minecraft:cobblestone":7,"minecraft:diorite":8,"minecraft:wall_torch":3,"minecraft:birch_planks":3,"minecraft:grass":3,"minecraft:coal_ore":63,"minecraft:gravel":18,"minecraft:dripstone_block":1,"minecraft:dirt":1,"minecraft:cracked_stone_bricks":4,"minecraft:stone_bricks":4,"minecraft:mossy_stone_bricks":12,"minecraft:deepslate":4},"minecraft:killed_by":{"minecraft:player":1,"alexsmobs:rocky_roller":1,"minecraft:wither_skeleton":1,"minecraft:stray":3,"minecraft:skeleton":5,"minecraft:zombie":8},"minecraft:dropped":{"minecraft:birch_planks":4,"minecraft:wheat_seeds":1,"minecraft:cooked_beef":9,"minecraft:baked_potato":3,"minecraft:glass_bottle":1,"minecraft:feather":1,"minecraft:cobblestone":15,"minecraft:leather":3,"minecraft:granite":7,"minecraft:leather_helmet":2,"minecraft:golden_apple":1,"minecraft:stick":11,"minecraft:flint":3,"minecraft:wooden_axe":1,"tombstone:grave_dust":1,"minecraft:wooden_sword":1,"minecraft:string":4,"minecraft:white_wool":2,"minecraft:bone":84,"minecraft:stone_sword":1,"minecraft:raw_copper":105,"minecraft:pointed_dripstone":2,"tombstone:gift":1,"minecraft:rotten_flesh":1,"minecraft:tipped_arrow":1,"minecraft:mossy_stone_bricks":1,"minecraft:leather_boots":1,"minecraft:spider_eye":1,"minecraft:stone_bricks":3,"minecraft:iron_bars":1,"minecraft:arrow":6,"minecraft:bow":3},"minecraft:broken":{"minecraft:stone_sword":3,"minecraft:iron_chestplate":1,"minecraft:golden_leggings":1,"minecraft:wooden_pickaxe":1,"minecraft:stone_pickaxe":2,"minecraft:stone_axe":1,"minecraft:iron_helmet":1},"minecraft:custom":{"minecraft:mob_kills":93,"minecraft:interact_with_crafting_table":22,"minecraft:leave_game":1,"minecraft:time_since_death":2938,"minecraft:climb_one_cm":5399,"minecraft:sprint_one_cm":685544,"minecraft:walk_one_cm":493980,"minecraft:damage_blocked_by_shield":2552,"minecraft:drop":55,"minecraft:play_time":183514,"minecraft:deaths":22,"minecraft:sneak_time":4432,"minecraft:walk_under_water_one_cm":5992,"minecraft:jump":2547,"minecraft:walk_on_water_one_cm":13214,"minecraft:total_world_time":183514,"minecraft:interact_with_furnace":32,"minecraft:sleep_in_bed":3,"minecraft:time_since_rest":2488,"minecraft:damage_taken":7269,"minecraft:damage_dealt":13795,"minecraft:player_kills":1,"minecraft:swim_one_cm":7134,"minecraft:fly_one_cm":332637,"minecraft:open_chest":69,"minecraft:crouch_one_cm":7836,"tombstone:undead_killed":72,"minecraft:fall_one_cm":56879},"minecraft:crafted":{"minecraft:furnace":1,"minecraft:stone":1,"minecraft:cooked_mutton":2,"minecraft:iron_boots":1,"minecraft:stone_pickaxe":4,"minecraft:birch_planks":36,"minecraft:stone_axe":1,"minecraft:air":0,"minecraft:iron_chestplate":1,"minecraft:stick":20,"minecraft:iron_ingot":15,"minecraft:stone_sword":3,"minecraft:torch":8},"minecraft:picked_up":{"minecraft:wooden_axe":1,"minecraft:iron_chestplate":2,"minecraft:chainmail_boots":1,"iceandfire:witherbone":2,"minecraft:leather_leggings":1,"minecraft:wooden_pickaxe":1,"minecraft:shield":2,"minecraft:string":6,"minecraft:red_bed":4,"minecraft:raw_copper":105,"minecraft:wooden_sword":1,"minecraft:iron_leggings":1,"minecraft:cracked_stone_bricks":5,"minecraft:cobbled_deepslate":4,"minecraft:beef":10,"minecraft:iron_pickaxe":1,"minecraft:furnace":1,"minecraft:tipped_arrow":1,"minecraft:raw_iron":79,"minecraft:stick":21,"minecraft:torch":7,"minecraft:pointed_dripstone":5,"tombstone:grave_dust":4,"minecraft:diorite":8,"minecraft:carrot":6,"minecraft:golden_chestplate":1,"minecraft:stone_sword":1,"minecraft:arrow":6,"minecraft:rotten_flesh":17,"minecraft:mutton":4,"minecraft:iron_bars":4,"minecraft:white_wool":2,"minecraft:cobblestone":215,"minecraft:birch_log":9,"minecraft:feather":1,"minecraft:cooked_beef":6,"minecraft:andesite":3,"minecraft:salmon":2,"minecraft:leather":3,"minecraft:birch_planks":4,"minecraft:flint":4,"alexsmobs:rocky_shell":1,"minecraft:dirt":1,"minecraft:leather_boots":1,"minecraft:bone":101,"minecraft:stone_bricks":8,"minecraft:bow":3,"minecraft:wheat_seeds":1,"minecraft:stone_pickaxe":1,"minecraft:mossy_stone_bricks":15,"minecraft:iron_sword":1,"minecraft:oak_planks":9,"minecraft:gravel":15,"minecraft:dripstone_block":1,"minecraft:spider_eye":1,"minecraft:mossy_cobblestone":8,"minecraft:leather_helmet":2,"minecraft:bundle":2,"minecraft:iron_helmet":1,"minecraft:granite":12,"minecraft:golden_apple":5,"minecraft:baked_potato":3,"minecraft:coal":69},"minecraft:used":{"minecraft:iron_bars":2,"minecraft:stone_sword":393,"minecraft:shield":28,"minecraft:iron_sword":48,"minecraft:stone":1,"minecraft:rotten_flesh":8,"minecraft:torch":36,"minecraft:dirt":1,"minecraft:carrot":16,"minecraft:granite":5,"minecraft:wooden_axe":6,"minecraft:furnace":2,"tombstone:gift":2,"minecraft:cooked_beef":3,"minecraft:cobbled_deepslate":4,"minecraft:pointed_dripstone":1,"minecraft:cooked_mutton":2,"minecraft:mossy_stone_bricks":3,"minecraft:diorite":8,"minecraft:birch_planks":5,"minecraft:stone_pickaxe":423,"minecraft:baked_potato":7,"minecraft:wooden_pickaxe":59,"minecraft:cracked_stone_bricks":2,"minecraft:salmon":2,"minecraft:mossy_cobblestone":2,"minecraft:red_bed":4,"minecraft:dripstone_block":1,"minecraft:apple":3,"minecraft:gravel":12,"minecraft:stone_axe":68,"minecraft:wooden_sword":8,"minecraft:cobblestone":156,"minecraft:potion":1,"minecraft:andesite":3}},"DataVersion":3465}