{"stats":{"minecraft:killed_by":{"born_in_chaos_v1:restless_spirit":1,"iceandfire:dread_scuttler":2,"minecraft:drowned":1,"iceandfire:dread_ghoul":8,"iceandfire:dread_knight":16,"minecraft:bee":1,"minecraft:skeleton":1,"minecraft:zombie":2,"earthmobsmod:skeleton_wolf":1,"iceandfire:fire_dragon":8},"minecraft:broken":{"minecraft:iron_boots":1,"minecraft:iron_chestplate":1,"minecraft:iron_leggings":1,"minecraft:leather_boots":1,"minecraft:iron_helmet":1},"minecraft:killed":{"luminousworld:frostbitten_zombie":1,"luminousworld:deer":1,"earthmobsmod:duck":1,"enemyexpansion:equestrian":1,"alexsmobs:snow_leopard":1,"luminousworld:fawn":1,"naturalist:snail":1,"iceandfire:dread_knight":2,"iceandfire:dread_thrall":3,"iceandfire:fire_dragon":1,"minecraft:bee":1,"takesapillage:clay_golem":1,"earthmobsmod:albino_cow":3,"minecraft:pig":1,"minecraft:zombie_villager":2,"naturalist:butterfly":2,"undead_revamp2:theheavy":1,"earthmobsmod:cream_cow":1,"minecraft:sheep":7,"minecraft:zombie":1,"ecologics:squirrel":1,"iceandfire:dread_ghoul":2},"minecraft:custom":{"minecraft:mob_kills":37,"minecraft:interact_with_crafting_table":6,"minecraft:leave_game":7,"minecraft:time_since_death":2437,"minecraft:climb_one_cm":2457,"minecraft:sprint_one_cm":713085,"minecraft:walk_one_cm":266091,"minecraft:drop":110,"minecraft:talked_to_villager":22,"minecraft:play_time":140696,"minecraft:deaths":42,"minecraft:sneak_time":844,"minecraft:walk_under_water_one_cm":4419,"minecraft:jump":3543,"minecraft:walk_on_water_one_cm":24002,"minecraft:total_world_time":140696,"minecraft:traded_with_villager":1,"minecraft:sleep_in_bed":8,"minecraft:time_since_rest":1650,"minecraft:damage_taken":12177,"minecraft:trigger_trapped_chest":1,"minecraft:damage_dealt":7408,"minecraft:swim_one_cm":33796,"minecraft:fly_one_cm":815822,"minecraft:player_kills":1,"minecraft:open_chest":47,"minecraft:crouch_one_cm":1764,"tombstone:undead_killed":13,"minecraft:fall_one_cm":83839,"minecraft:horse_one_cm":330351},"minecraft:used":{"minecraft:oak_fence":1,"minecraft:purple_candle":1,"minecraft:armor_stand":1,"minecraft:iron_sword":110,"minecraft:iron_chestplate":1,"minecraft:dirt":14,"minecraft:mutton":3,"iceandfire:copper_sword":1,"iceandfire:pixie_dust":3,"minecraft:oak_fence_gate":1,"minecraft:lantern":1,"minecraft:iron_helmet":1,"minecraft:iron_boots":4,"minecraft:item_frame":3,"minecraft:light_gray_wool":1,"minecraft:beef":8,"luminousworld:raw_venison":1,"tombstone:gift":5,"minecraft:cooked_beef":1,"minecraft:iron_leggings":1,"minecraft:cooked_mutton":3,"minecraft:birch_planks":18,"minecraft:blue_bed":1,"minecraft:leather_boots":1,"minecraft:white_wool":2,"minecraft:white_bed":8,"minecraft:mud":1,"minecraft:diamond_pickaxe":7,"minecraft:apple":17,"minecraft:chicken":1,"minecraft:zombie_head":1,"minecraft:bread":10,"minecraft:iron_pickaxe":3,"ecologics:coconut_slice":3,"luminousworld:sunset_petunias":1,"minecraft:diamond_sword":216,"minecraft:cobblestone":1,"born_in_chaos_v1:river_mint":1,"minecraft:porkchop":3,"minecraft:yellow_bed":4,"iceandfire:dread_stone_bricks_cracked":2},"minecraft:dropped":{"minecraft:enchanted_book":1,"minecraft:bread":1,"naturalist:snail_shell":1,"minecraft:wheat_seeds":20,"ecologics:coconut_slice":1,"minecraft:leather":7,"minecraft:copper_ingot":2,"minecraft:dirt":21,"minecraft:stone_button":2,"tombstone:grave_key":2,"minecraft:rose_bush":1,"minecraft:snowball":11,"tombstone:grave_dust":6,"minecraft:string":1,"minecraft:bone":8,"iceandfire:dread_shard":2,"minecraft:dandelion":1,"minecraft:wheat":3,"undead_revamp2:arapholia":1,"minecraft:rotten_flesh":21,"minecraft:clay_ball":3,"minecraft:iron_boots":1,"quark:white_shard":4,"minecraft:cooked_mutton":1,"minecraft:rabbit_hide":2,"supplementaries:ash":12,"luminousworld:grassflowers":1,"iceandfire:copper_sword":2,"minecraft:allium":2,"minecraft:golden_leggings":1,"ecologics:coconut_husk":3,"minecraft:stone_bricks":4,"minecraft:spider_eye":1,"minecraft:slime_ball":3,"minecraft:arrow":7},"minecraft:mined":{"minecraft:white_bed":7,"minecraft:purple_candle":1,"minecraft:grass_block":5,"minecraft:white_stained_glass":1,"luminousworld:grassvariant_2":5,"iceandfire:dread_spawner":1,"luminousworld:sunset_petunias":2,"minecraft:fire":2,"minecraft:bookshelf":1,"minecraft:dirt_path":5,"minecraft:vine":1,"luminousworld:snowgrass":1,"iceandfire:dread_stone_bricks_cracked":4,"minecraft:dandelion":10,"minecraft:oak_fence":1,"minecraft:rose_bush":1,"luminousworld:grassflowers":1,"minecraft:tall_grass":13,"minecraft:blue_bed":1,"minecraft:mud":1,"minecraft:beehive":1,"born_in_chaos_v1:river_mint":1,"minecraft:yellow_bed":5,"minecraft:grass":35,"iceandfire:dread_stone_bricks_mossy":1,"minecraft:oak_fence_gate":1,"minecraft:zombie_head":1,"minecraft:dirt":5,"iceandfire:dread_stone_bricks":2,"minecraft:oak_leaves":1},"minecraft:crafted":{"minecraft:emerald":1,"minecraft:iron_sword":1,"minecraft:iron_chestplate":1,"minecraft:stick":4,"minecraft:iron_pickaxe":1},"minecraft:picked_up":{"iceandfire:dread_stone_bricks":1,"minecraft:mud":1,"minecraft:crafting_table":1,"minecraft:iron_chestplate":1,"minecraft:wheat":3,"minecraft:allium":2,"minecraft:chicken":1,"born_in_chaos_v1:river_mint":1,"minecraft:clay_ball":3,"minecraft:diamond_sword":1,"aether:iron_gloves":1,"minecraft:stone_brick_wall":2,"tombstone:grave_key":1,"minecraft:chain":2,"minecraft:string":1,"minecraft:iron_leggings":1,"minecraft:item_frame":3,"minecraft:armor_stand":2,"minecraft:iron_shovel":1,"minecraft:zombie_head":1,"minecraft:beef":8,"iceandfire:dread_shard":4,"minecraft:rose_bush":1,"minecraft:iron_pickaxe":1,"minecraft:light_gray_wool":1,"minecraft:iron_boots":1,"iceandfire:pixie_dust":1,"ecologics:coconut_slice":4,"minecraft:copper_ingot":2,"minecraft:oak_fence":1,"minecraft:torch":2,"minecraft:porkchop":3,"minecraft:stone_button":8,"tombstone:grave_dust":3,"minecraft:purple_candle":1,"luminousworld:grassflowers":1,"minecraft:rotten_flesh":19,"minecraft:arrow":7,"luminousworld:yellow_grassflowers":3,"minecraft:saddle":1,"born_in_chaos_v1:spiny_shell":4,"supplementaries:ash":35,"minecraft:brick_stairs":4,"minecraft:mutton":10,"minecraft:snowball":6,"undead_revamp2:arapholia":1,"minecraft:white_wool":7,"minecraft:cobblestone":1,"minecraft:cooked_beef":3,"minecraft:leather":7,"minecraft:golden_leggings":1,"minecraft:birch_planks":20,"luminousworld:raw_venison":1,"iceandfire:dread_stone_bricks_cracked":3,"minecraft:yellow_bed":5,"minecraft:blue_bed":1,"minecraft:dirt":30,"minecraft:lantern":1,"minecraft:leather_boots":1,"minecraft:cooked_mutton":5,"minecraft:bone":6,"minecraft:apple":10,"minecraft:stone_bricks":1,"minecraft:wheat_seeds":20,"minecraft:rabbit_hide":2,"minecraft:oak_fence_gate":1,"minecraft:iron_ingot":1,"naturalist:snail_shell":1,"quark:white_shard":4,"minecraft:dandelion":11,"luminousworld:sunset_petunias":1,"minecraft:white_bed":8,"minecraft:spider_eye":1,"minecraft:slime_ball":3,"minecraft:iron_helmet":2,"minecraft:bread":4,"minecraft:emerald":4,"minecraft:diamond_pickaxe":1}},"DataVersion":3465}