{"stats":{"minecraft:killed":{"minecraft:salmon":3,"minecraft:creeper":1,"minecraft:sheep":1,"minecraft:zombie":3,"iceandfire:ghost":1,"minecraft:cow":4},"minecraft:mined":{"iceandfire:silver_ore":1,"minecraft:torch":1,"minecraft:granite":9,"minecraft:cobblestone":5,"minecraft:copper_ore":12,"minecraft:diorite":8,"minecraft:wall_torch":3,"minecraft:birch_planks":3,"minecraft:furnace":1,"minecraft:iron_ore":51,"minecraft:grass":3,"minecraft:pointed_dripstone":1,"minecraft:coal_ore":63,"minecraft:gravel":14,"minecraft:dripstone_block":1,"minecraft:dirt":1,"minecraft:stone":201},"minecraft:killed_by":{"minecraft:player":1},"minecraft:dropped":{"minecraft:wheat_seeds":1,"minecraft:cooked_beef":3,"minecraft:stone_sword":1,"minecraft:raw_copper":70,"minecraft:pointed_dripstone":2,"minecraft:feather":1,"minecraft:cobblestone":1,"minecraft:leather":3,"minecraft:granite":7,"minecraft:stick":8,"minecraft:flint":2,"minecraft:white_wool":1},"minecraft:broken":{"minecraft:stone_pickaxe":2,"minecraft:wooden_pickaxe":1},"minecraft:custom":{"minecraft:interact_with_furnace":23,"minecraft:mob_kills":13,"minecraft:interact_with_crafting_table":18,"minecraft:leave_game":1,"minecraft:time_since_death":13041,"minecraft:time_since_rest":12642,"minecraft:sprint_one_cm":170832,"minecraft:damage_taken":1830,"minecraft:walk_one_cm":199066,"minecraft:drop":15,"minecraft:damage_dealt":1498,"minecraft:swim_one_cm":6010,"minecraft:fly_one_cm":177661,"minecraft:player_kills":1,"minecraft:crouch_one_cm":6118,"tombstone:undead_killed":4,"minecraft:play_time":81514,"minecraft:deaths":3,"minecraft:sneak_time":3450,"minecraft:walk_under_water_one_cm":2615,"minecraft:jump":1578,"minecraft:walk_on_water_one_cm":6454,"minecraft:total_world_time":81514,"minecraft:fall_one_cm":41824},"minecraft:crafted":{"minecraft:furnace":1,"minecraft:stone":1,"minecraft:birch_planks":12,"minecraft:stone_axe":1,"minecraft:cooked_mutton":2,"minecraft:air":0,"minecraft:stick":20,"minecraft:iron_ingot":13,"minecraft:stone_pickaxe":4,"minecraft:stone_sword":3,"minecraft:torch":4},"minecraft:picked_up":{"minecraft:wooden_axe":1,"minecraft:birch_log":3,"minecraft:feather":1,"minecraft:cooked_beef":6,"minecraft:salmon":2,"minecraft:andesite":2,"minecraft:leather":3,"minecraft:wooden_pickaxe":1,"minecraft:birch_planks":3,"minecraft:flint":3,"minecraft:dirt":1,"minecraft:raw_copper":105,"minecraft:wooden_sword":1,"minecraft:wheat_seeds":1,"minecraft:beef":10,"minecraft:iron_pickaxe":1,"minecraft:furnace":1,"minecraft:stick":10,"minecraft:raw_iron":52,"minecraft:torch":4,"minecraft:dripstone_block":1,"minecraft:gravel":10,"minecraft:pointed_dripstone":3,"minecraft:diorite":8,"minecraft:stone_sword":1,"minecraft:rotten_flesh":5,"minecraft:granite":11,"minecraft:coal":63,"minecraft:mutton":2,"minecraft:cobblestone":184,"minecraft:white_wool":1},"minecraft:used":{"minecraft:cooked_mutton":2,"minecraft:diorite":8,"minecraft:stone_sword":26,"minecraft:birch_planks":5,"minecraft:stone_pickaxe":298,"minecraft:wooden_pickaxe":59,"minecraft:stone":1,"minecraft:rotten_flesh":5,"minecraft:salmon":2,"minecraft:torch":8,"minecraft:dirt":1,"minecraft:dripstone_block":1,"minecraft:granite":4,"minecraft:wooden_axe":5,"minecraft:gravel":10,"minecraft:stone_axe":2,"minecraft:wooden_sword":8,"minecraft:cobblestone":139,"minecraft:furnace":2,"minecraft:andesite":2,"minecraft:cooked_beef":3,"minecraft:pointed_dripstone":1}},"DataVersion":3465}