{"stats":{"minecraft:custom":{"minecraft:time_since_rest":16088,"minecraft:interact_with_furnace":10,"minecraft:sprint_one_cm":41456,"minecraft:damage_taken":150,"minecraft:walk_one_cm":52834,"minecraft:mob_kills":8,"minecraft:drop":3,"minecraft:damage_dealt":598,"minecraft:swim_one_cm":6010,"minecraft:interact_with_crafting_table":7,"minecraft:fly_one_cm":65242,"minecraft:crouch_one_cm":594,"minecraft:play_time":16088,"minecraft:sneak_time":842,"minecraft:walk_under_water_one_cm":1939,"minecraft:jump":372,"minecraft:walk_on_water_one_cm":2529,"minecraft:time_since_death":16088,"minecraft:total_world_time":16088,"minecraft:fall_one_cm":8077},"minecraft:mined":{"minecraft:furnace":1,"minecraft:iron_ore":1,"minecraft:grass":1,"minecraft:coal_ore":27,"minecraft:stone":25},"minecraft:killed":{"minecraft:sheep":1,"minecraft:salmon":3,"minecraft:cow":4},"minecraft:used":{"minecraft:cooked_mutton":2,"minecraft:wooden_axe":4,"minecraft:birch_planks":1,"minecraft:stone_pickaxe":3,"minecraft:wooden_pickaxe":52,"minecraft:rotten_flesh":1,"minecraft:salmon":2,"minecraft:wooden_sword":8,"minecraft:furnace":2},"minecraft:crafted":{"minecraft:iron_ingot":1,"minecraft:stone_pickaxe":1,"minecraft:furnace":1,"minecraft:birch_planks":12,"minecraft:air":0,"minecraft:cooked_mutton":2},"minecraft:picked_up":{"minecraft:wooden_axe":1,"minecraft:birch_log":3,"minecraft:stick":2,"minecraft:raw_iron":1,"minecraft:cooked_beef":5,"minecraft:salmon":2,"minecraft:leather":3,"minecraft:wooden_pickaxe":1,"minecraft:wooden_sword":1,"minecraft:rotten_flesh":1,"minecraft:wheat_seeds":1,"minecraft:beef":10,"minecraft:mutton":2,"minecraft:coal":27,"minecraft:white_wool":1,"minecraft:cobblestone":20,"minecraft:furnace":1},"minecraft:dropped":{"minecraft:wheat_seeds":1,"minecraft:leather":3}},"DataVersion":3465}