{"stats":{"minecraft:picked_up":{"minecraft:rotten_flesh":2,"minecraft:diamond_sword":1,"minecraft:birch_planks":20,"undead_revamp2:arapholia":1,"minecraft:dirt":16,"minecraft:diamond_pickaxe":1},"minecraft:mined":{"minecraft:grass":4,"luminousworld:grassvariant_2":1},"minecraft:crafted":{"minecraft:stick":4,"minecraft:iron_pickaxe":1},"minecraft:custom":{"minecraft:open_chest":2,"minecraft:time_since_rest":3949,"minecraft:crouch_one_cm":75,"minecraft:play_time":13432,"minecraft:sprint_one_cm":51933,"minecraft:walk_one_cm":22481,"minecraft:damage_taken":1435,"minecraft:deaths":5,"minecraft:sneak_time":78,"minecraft:drop":10,"minecraft:jump":520,"minecraft:damage_dealt":116,"minecraft:leave_game":1,"minecraft:walk_on_water_one_cm":1568,"minecraft:time_since_death":4111,"minecraft:total_world_time":13432,"minecraft:climb_one_cm":40,"minecraft:interact_with_crafting_table":3,"minecraft:swim_one_cm":850,"minecraft:fall_one_cm":7701,"minecraft:fly_one_cm":89709},"minecraft:killed_by":{"minecraft:skeleton":1,"minecraft:zombie":2,"minecraft:drowned":1,"earthmobsmod:skeleton_wolf":1},"minecraft:dropped":{"tombstone:grave_dust":3,"minecraft:rotten_flesh":2,"minecraft:dirt":16,"tombstone:grave_key":1,"undead_revamp2:arapholia":1},"minecraft:used":{"tombstone:gift":4}},"DataVersion":3465}