{"stats":{"minecraft:dropped":{"minecraft:peony":1,"minecraft:raw_iron":48,"tombstone:grave_dust":3,"minecraft:chainmail_leggings":1,"minecraft:white_bed":1,"minecraft:chainmail_helmet":1,"minecraft:stick":7},"minecraft:custom":{"minecraft:time_since_rest":3884,"minecraft:interact_with_smithing_table":1,"minecraft:interact_with_furnace":11,"minecraft:sprint_one_cm":242744,"minecraft:damage_taken":1427,"minecraft:walk_one_cm":138202,"minecraft:trigger_trapped_chest":1,"minecraft:mob_kills":2,"minecraft:drop":15,"minecraft:damage_dealt":687,"minecraft:interact_with_crafting_table":2,"minecraft:player_kills":1,"minecraft:interact_with_cartography_table":1,"minecraft:swim_one_cm":8799,"minecraft:talked_to_villager":1,"minecraft:fly_one_cm":383871,"minecraft:open_barrel":1,"minecraft:open_chest":6,"minecraft:crouch_one_cm":179,"minecraft:play_time":51100,"minecraft:deaths":4,"minecraft:sneak_time":228,"minecraft:walk_under_water_one_cm":15859,"minecraft:jump":1840,"minecraft:interact_with_blast_furnace":1,"minecraft:leave_game":3,"minecraft:time_since_death":4590,"minecraft:walk_on_water_one_cm":27687,"minecraft:sleep_in_bed":3,"minecraft:total_world_time":51100,"minecraft:climb_one_cm":2571,"minecraft:interact_with_smoker":1,"minecraft:fall_one_cm":44019},"minecraft:picked_up":{"iceandfire:pixie_dust":1,"minecraft:stick":7,"minecraft:raw_iron":51,"iceandfire:pixie_house_birch":1,"minecraft:wither_rose":1,"tombstone:grave_dust":1,"minecraft:yellow_bed":2,"minecraft:white_bed":6,"minecraft:carrot":2,"minecraft:dirt":12,"tombstone:gift":1,"minecraft:peony":1,"valhelsia_structures:metal_framed_glass_pane":2,"minecraft:beef":7,"minecraft:bread":8,"minecraft:coal":2,"minecraft:cobblestone":1},"minecraft:killed":{"alexsmobs:bison":1,"alexsmobs:fly":1},"minecraft:mined":{"minecraft:large_fern":1,"minecraft:white_bed":5,"valhelsia_structures:metal_framed_glass_pane":2,"iceandfire:pixie_house_birch":1,"minecraft:yellow_bed":2,"dynamictrees:spruce_leaves":4,"minecraft:wither_rose":1,"minecraft:grass":3,"iceandfire:pixie_house_mushroom_brown":1,"minecraft:grass_block":2,"minecraft:vine":1,"minecraft:rose_bush":1,"minecraft:dirt":3,"minecraft:cake":1},"minecraft:killed_by":{"iceandfire:ghost":1,"minecraft:player":2,"alexsmobs:bison":1},"minecraft:used":{"minecraft:bread":10,"valhelsia_structures:metal_framed_glass_pane":2,"minecraft:dirt":12,"minecraft:cobblestone":1,"minecraft:beef":7,"iceandfire:pixie_house_birch":1,"iceandfire:pixie_dust":1,"tombstone:gift":2,"minecraft:white_bed":3,"minecraft:carrot":7,"minecraft:wither_rose":1,"minecraft:yellow_bed":1}},"DataVersion":3465}