{"stats":{"minecraft:killed_by":{"minecraft:skeleton":1,"minecraft:zombie":2,"earthmobsmod:skeleton_wolf":1,"minecraft:drowned":1,"minecraft:bee":1,"iceandfire:fire_dragon":3},"minecraft:killed":{"luminousworld:deer":1,"earthmobsmod:duck":1,"minecraft:pig":1,"minecraft:zombie_villager":2,"naturalist:butterfly":1,"enemyexpansion:equestrian":1,"luminousworld:fawn":1,"earthmobsmod:cream_cow":1,"naturalist:snail":1,"minecraft:sheep":7,"minecraft:zombie":1,"minecraft:bee":1,"ecologics:squirrel":1,"takesapillage:clay_golem":1,"earthmobsmod:albino_cow":3},"minecraft:custom":{"minecraft:mob_kills":24,"minecraft:interact_with_crafting_table":3,"minecraft:leave_game":6,"minecraft:time_since_death":1498,"minecraft:sleep_in_bed":3,"minecraft:climb_one_cm":751,"minecraft:time_since_rest":77,"minecraft:damage_taken":2971,"minecraft:sprint_one_cm":365150,"minecraft:walk_one_cm":115258,"minecraft:trigger_trapped_chest":1,"minecraft:drop":53,"minecraft:damage_dealt":3836,"minecraft:swim_one_cm":27100,"minecraft:talked_to_villager":4,"minecraft:fly_one_cm":440687,"minecraft:open_chest":27,"minecraft:crouch_one_cm":1509,"minecraft:play_time":63101,"minecraft:sneak_time":763,"tombstone:undead_killed":4,"minecraft:deaths":9,"minecraft:walk_under_water_one_cm":3031,"minecraft:jump":2020,"minecraft:walk_on_water_one_cm":16794,"minecraft:total_world_time":63101,"minecraft:fall_one_cm":48391},"minecraft:used":{"minecraft:purple_candle":1,"minecraft:birch_planks":18,"minecraft:armor_stand":1,"minecraft:iron_sword":110,"minecraft:white_wool":2,"minecraft:iron_chestplate":1,"minecraft:dirt":11,"minecraft:mutton":3,"iceandfire:copper_sword":1,"iceandfire:pixie_dust":2,"minecraft:white_bed":5,"minecraft:mud":1,"minecraft:apple":12,"minecraft:chicken":1,"minecraft:zombie_head":1,"minecraft:bread":6,"minecraft:iron_helmet":1,"minecraft:iron_boots":4,"minecraft:item_frame":1,"minecraft:cobblestone":1,"ecologics:coconut_slice":3,"minecraft:light_gray_wool":1,"minecraft:diamond_sword":21,"luminousworld:sunset_petunias":1,"minecraft:beef":8,"minecraft:porkchop":3,"luminousworld:raw_venison":1,"tombstone:gift":4,"minecraft:iron_leggings":1},"minecraft:dropped":{"minecraft:wheat_seeds":14,"ecologics:coconut_slice":1,"minecraft:wheat":2,"undead_revamp2:arapholia":1,"minecraft:rotten_flesh":7,"minecraft:clay_ball":3,"minecraft:leather":6,"minecraft:dirt":16,"supplementaries:ash":1,"iceandfire:copper_sword":2,"minecraft:allium":2,"tombstone:grave_key":2,"minecraft:rose_bush":1,"ecologics:coconut_husk":3,"tombstone:grave_dust":5,"minecraft:spider_eye":1,"minecraft:slime_ball":3,"minecraft:string":1,"minecraft:dandelion":1},"minecraft:mined":{"minecraft:white_bed":5,"minecraft:purple_candle":1,"minecraft:grass_block":2,"minecraft:rose_bush":1,"luminousworld:grassvariant_2":3,"minecraft:tall_grass":9,"luminousworld:sunset_petunias":2,"minecraft:mud":1,"minecraft:beehive":1,"minecraft:yellow_bed":2,"minecraft:grass":26,"minecraft:vine":1,"minecraft:dirt_path":4,"minecraft:zombie_head":1,"minecraft:dirt":5},"minecraft:crafted":{"minecraft:iron_sword":1,"minecraft:iron_chestplate":1,"minecraft:stick":4,"minecraft:iron_pickaxe":1},"minecraft:picked_up":{"minecraft:mud":1,"minecraft:iron_chestplate":1,"minecraft:crafting_table":1,"minecraft:wheat":3,"minecraft:allium":2,"minecraft:chicken":1,"minecraft:clay_ball":3,"minecraft:leather":6,"minecraft:diamond_sword":1,"minecraft:stone_brick_wall":2,"minecraft:birch_planks":20,"tombstone:grave_key":1,"luminousworld:raw_venison":1,"minecraft:yellow_bed":2,"minecraft:dirt":27,"minecraft:string":1,"minecraft:iron_leggings":1,"minecraft:armor_stand":2,"minecraft:item_frame":1,"minecraft:zombie_head":1,"minecraft:wheat_seeds":19,"minecraft:beef":8,"minecraft:rose_bush":1,"minecraft:light_gray_wool":1,"minecraft:iron_boots":1,"iceandfire:pixie_dust":1,"ecologics:coconut_slice":4,"minecraft:torch":2,"minecraft:dandelion":1,"luminousworld:sunset_petunias":1,"minecraft:porkchop":3,"tombstone:grave_dust":2,"minecraft:white_bed":5,"minecraft:spider_eye":1,"minecraft:purple_candle":1,"minecraft:rotten_flesh":7,"minecraft:slime_ball":3,"luminousworld:yellow_grassflowers":2,"minecraft:iron_helmet":1,"born_in_chaos_v1:spiny_shell":4,"minecraft:emerald":3,"supplementaries:ash":1,"minecraft:brick_stairs":4,"minecraft:mutton":10,"undead_revamp2:arapholia":1,"minecraft:white_wool":7,"minecraft:cobblestone":1,"minecraft:diamond_pickaxe":1}},"DataVersion":3465}