{"stats":{"minecraft:dropped":{"minecraft:enchanted_book":1,"minecraft:wheat_seeds":1,"minecraft:glass_bottle":3,"minecraft:beetroot_seeds":2,"minecraft:pitcher_pod":1,"tombstone:grave_dust":2,"minecraft:rotten_flesh":1,"minecraft:iron_bars":2,"minecraft:string":2},"minecraft:picked_up":{"minecraft:leather_chestplate":1,"minecraft:torch":1,"minecraft:birch_planks":10,"tombstone:grave_dust":1,"minecraft:carrot":10,"minecraft:string":2,"minecraft:wooden_sword":1,"minecraft:stone_bricks":1,"minecraft:rotten_flesh":3,"minecraft:beetroot":1,"minecraft:stone_axe":1,"minecraft:beetroot_seeds":2,"minecraft:wheat_seeds":1,"minecraft:stone_pickaxe":1,"minecraft:cooked_chicken":2,"minecraft:glass_bottle":1,"minecraft:pitcher_pod":1,"minecraft:iron_bars":2},"minecraft:killed_by":{"cataclysm:deepling_brute":1,"minecraft:skeleton":1,"minecraft:zombie":1,"alexsmobs:leafcutter_ant":1},"minecraft:killed":{"minecraft:zombie":2,"alexsmobs:leafcutter_ant":2},"minecraft:used":{"minecraft:beetroot":1,"minecraft:apple":6,"minecraft:birch_planks":10,"minecraft:stone_pickaxe":6,"minecraft:stone_bricks":1,"minecraft:rotten_flesh":1,"minecraft:stone_axe":10,"minecraft:torch":1,"minecraft:wooden_sword":10,"minecraft:potion":2,"minecraft:carrot":3,"tombstone:gift":1},"minecraft:custom":{"minecraft:time_since_rest":299,"minecraft:interact_with_furnace":1,"minecraft:sprint_one_cm":166477,"minecraft:damage_taken":1308,"minecraft:walk_one_cm":87780,"minecraft:mob_kills":4,"minecraft:drop":12,"minecraft:damage_dealt":527,"minecraft:swim_one_cm":11544,"minecraft:interact_with_crafting_table":2,"minecraft:fly_one_cm":84488,"minecraft:open_chest":13,"minecraft:crouch_one_cm":1079,"minecraft:play_time":26981,"tombstone:undead_killed":2,"minecraft:deaths":4,"minecraft:sneak_time":455,"minecraft:walk_under_water_one_cm":1663,"minecraft:jump":367,"minecraft:walk_on_water_one_cm":7252,"minecraft:time_since_death":1474,"minecraft:total_world_time":26981,"minecraft:fall_one_cm":5730},"minecraft:mined":{"minecraft:large_fern":1,"minecraft:birch_planks":11,"minecraft:light_gray_stained_glass_pane":4,"minecraft:carrots":3,"regions_unexplored:redwood_leaves":1,"minecraft:grass":1,"minecraft:pitcher_crop":1,"minecraft:beetroots":1,"regions_unexplored:medium_grass":1,"minecraft:stone_bricks":2,"minecraft:cake":1}},"DataVersion":3465}