{"stats":{"minecraft:custom":{"minecraft:time_since_rest":40929,"minecraft:interact_with_furnace":21,"minecraft:sprint_one_cm":68013,"minecraft:damage_taken":220,"minecraft:walk_one_cm":99492,"minecraft:mob_kills":8,"minecraft:drop":4,"minecraft:damage_dealt":598,"minecraft:swim_one_cm":6010,"minecraft:interact_with_crafting_table":17,"minecraft:fly_one_cm":71376,"minecraft:crouch_one_cm":1029,"minecraft:play_time":40929,"minecraft:sneak_time":1210,"minecraft:walk_under_water_one_cm":1939,"minecraft:jump":736,"minecraft:leave_game":1,"minecraft:walk_on_water_one_cm":2722,"minecraft:time_since_death":40929,"minecraft:total_world_time":40929,"minecraft:fall_one_cm":10409},"minecraft:mined":{"iceandfire:silver_ore":1,"minecraft:furnace":1,"minecraft:iron_ore":13,"minecraft:torch":1,"minecraft:grass":1,"minecraft:pointed_dripstone":1,"minecraft:coal_ore":51,"minecraft:gravel":14,"minecraft:cobblestone":1,"minecraft:copper_ore":11,"minecraft:stone":162,"minecraft:diorite":7,"minecraft:wall_torch":1},"minecraft:killed":{"minecraft:sheep":1,"minecraft:salmon":3,"minecraft:cow":4},"minecraft:used":{"minecraft:cooked_mutton":2,"minecraft:wooden_axe":4,"minecraft:diorite":7,"minecraft:birch_planks":2,"minecraft:stone_pickaxe":190,"minecraft:wooden_pickaxe":59,"minecraft:stone":1,"minecraft:gravel":10,"minecraft:rotten_flesh":1,"minecraft:torch":2,"minecraft:salmon":2,"minecraft:wooden_sword":8,"minecraft:cobblestone":11,"minecraft:furnace":2,"minecraft:andesite":2,"minecraft:cooked_beef":2,"minecraft:pointed_dripstone":1},"minecraft:broken":{"minecraft:wooden_pickaxe":1,"minecraft:stone_pickaxe":1},"minecraft:crafted":{"minecraft:stick":20,"minecraft:iron_ingot":13,"minecraft:stone_pickaxe":4,"minecraft:stone_sword":3,"minecraft:furnace":1,"minecraft:stone":1,"minecraft:torch":4,"minecraft:birch_planks":12,"minecraft:stone_axe":1,"minecraft:air":0,"minecraft:cooked_mutton":2},"minecraft:picked_up":{"minecraft:wooden_axe":1,"minecraft:birch_log":3,"minecraft:stick":2,"minecraft:raw_iron":13,"minecraft:cooked_beef":5,"minecraft:andesite":2,"minecraft:salmon":2,"minecraft:leather":3,"minecraft:torch":2,"minecraft:wooden_pickaxe":1,"minecraft:gravel":10,"minecraft:flint":1,"minecraft:pointed_dripstone":1,"minecraft:diorite":7,"minecraft:raw_copper":32,"minecraft:wooden_sword":1,"minecraft:stone_sword":1,"minecraft:rotten_flesh":1,"minecraft:wheat_seeds":1,"minecraft:beef":10,"minecraft:mutton":2,"minecraft:coal":51,"minecraft:white_wool":1,"minecraft:cobblestone":146,"minecraft:furnace":1},"minecraft:dropped":{"minecraft:wheat_seeds":1,"minecraft:stone_sword":1,"minecraft:leather":3}},"DataVersion":3465}