{"stats":{"minecraft:killed":{"minecraft:salmon":3,"minecraft:sheep":1,"iceandfire:ghost":1,"minecraft:cow":4},"minecraft:mined":{"iceandfire:silver_ore":1,"minecraft:torch":1,"minecraft:granite":9,"minecraft:cobblestone":1,"minecraft:copper_ore":12,"minecraft:diorite":8,"minecraft:wall_torch":2,"minecraft:birch_planks":3,"minecraft:furnace":1,"minecraft:iron_ore":30,"minecraft:grass":3,"minecraft:pointed_dripstone":1,"minecraft:coal_ore":63,"minecraft:gravel":14,"minecraft:dripstone_block":1,"minecraft:dirt":1,"minecraft:stone":200},"minecraft:dropped":{"minecraft:wheat_seeds":1,"minecraft:cooked_beef":3,"minecraft:stone_sword":1,"minecraft:leather":3},"minecraft:broken":{"minecraft:stone_pickaxe":2,"minecraft:wooden_pickaxe":1},"minecraft:custom":{"minecraft:interact_with_furnace":23,"minecraft:mob_kills":9,"minecraft:interact_with_crafting_table":18,"minecraft:leave_game":1,"minecraft:time_since_death":57514,"minecraft:time_since_rest":57514,"minecraft:sprint_one_cm":118240,"minecraft:damage_taken":475,"minecraft:walk_one_cm":148159,"minecraft:drop":5,"minecraft:damage_dealt":741,"minecraft:swim_one_cm":6010,"minecraft:fly_one_cm":131534,"minecraft:crouch_one_cm":2461,"tombstone:undead_killed":1,"minecraft:play_time":57514,"minecraft:sneak_time":1700,"minecraft:walk_under_water_one_cm":2615,"minecraft:jump":1245,"minecraft:walk_on_water_one_cm":4802,"minecraft:total_world_time":57514,"minecraft:fall_one_cm":26793},"minecraft:crafted":{"minecraft:furnace":1,"minecraft:stone":1,"minecraft:birch_planks":12,"minecraft:stone_axe":1,"minecraft:cooked_mutton":2,"minecraft:air":0,"minecraft:stick":20,"minecraft:iron_ingot":13,"minecraft:stone_pickaxe":4,"minecraft:stone_sword":3,"minecraft:torch":4},"minecraft:picked_up":{"minecraft:wooden_axe":1,"minecraft:birch_log":3,"minecraft:cooked_beef":6,"minecraft:salmon":2,"minecraft:andesite":2,"minecraft:leather":3,"minecraft:wooden_pickaxe":1,"minecraft:birch_planks":3,"minecraft:flint":1,"minecraft:dirt":1,"minecraft:raw_copper":35,"minecraft:wooden_sword":1,"minecraft:wheat_seeds":1,"minecraft:beef":10,"minecraft:iron_pickaxe":1,"minecraft:furnace":1,"minecraft:stick":2,"minecraft:raw_iron":30,"minecraft:torch":3,"minecraft:dripstone_block":1,"minecraft:gravel":10,"minecraft:pointed_dripstone":1,"minecraft:diorite":8,"minecraft:stone_sword":1,"minecraft:rotten_flesh":1,"minecraft:granite":11,"minecraft:coal":63,"minecraft:mutton":2,"minecraft:cobblestone":181,"minecraft:white_wool":1},"minecraft:used":{"minecraft:cooked_mutton":2,"minecraft:diorite":8,"minecraft:stone_sword":2,"minecraft:birch_planks":5,"minecraft:stone_pickaxe":271,"minecraft:wooden_pickaxe":59,"minecraft:stone":1,"minecraft:rotten_flesh":1,"minecraft:salmon":2,"minecraft:torch":7,"minecraft:dirt":1,"minecraft:dripstone_block":1,"minecraft:wooden_axe":5,"minecraft:gravel":10,"minecraft:stone_axe":2,"minecraft:wooden_sword":8,"minecraft:cobblestone":87,"minecraft:furnace":2,"minecraft:andesite":2,"minecraft:cooked_beef":3,"minecraft:pointed_dripstone":1}},"DataVersion":3465}