{"stats":{"minecraft:killed":{"minecraft:pig":2,"alexsmobs:grizzly_bear":2,"alexsmobs:raccoon":1,"minecraft:spider":1,"minecraft:sheep":2,"minecraft:skeleton":1,"minecraft:zombie":4,"minecraft:chicken":3,"alexsmobs:leafcutter_ant":2,"alexsmobs:crow":1,"minecraft:drowned":1,"alexsmobs:flying_fish":2,"minecraft:cow":8},"minecraft:killed_by":{"cataclysm:deepling_brute":1,"minecraft:skeleton":5,"minecraft:zombie":1,"alexsmobs:leafcutter_ant":1},"minecraft:broken":{"minecraft:wooden_sword":1,"minecraft:stone_axe":1},"minecraft:mined":{"minecraft:white_bed":1,"minecraft:light_gray_stained_glass_pane":4,"minecraft:melon":7,"regions_unexplored:purple_coneflower":1,"minecraft:large_fern":1,"minecraft:birch_planks":16,"minecraft:carrots":3,"minecraft:birch_leaves":5,"regions_unexplored:redwood_leaves":1,"minecraft:white_wall_banner":1,"minecraft:iron_bars":2,"minecraft:grass":14,"minecraft:pitcher_crop":1,"minecraft:beetroots":1,"minecraft:dirt":2,"regions_unexplored:medium_grass":2,"minecraft:cracked_stone_bricks":2,"minecraft:stone_bricks":4,"regions_unexplored:windswept_grass":3,"minecraft:cake":1,"minecraft:fern":6},"minecraft:crafted":{"minecraft:cooked_porkchop":6,"minecraft:air":0,"minecraft:white_bed":1},"minecraft:picked_up":{"minecraft:wheat":18,"minecraft:leather_chestplate":1,"minecraft:feather":4,"minecraft:chainmail_boots":1,"minecraft:chicken":3,"minecraft:leather":7,"minecraft:torchflower":1,"minecraft:lead":1,"minecraft:wooden_pickaxe":1,"alexsmobs:bear_fur":8,"minecraft:filled_map":2,"minecraft:birch_planks":106,"minecraft:potion":5,"minecraft:brick":2,"minecraft:wooden_hoe":1,"minecraft:white_banner":1,"minecraft:dirt":24,"minecraft:string":6,"minecraft:red_bed":1,"minecraft:wooden_sword":1,"minecraft:bone":1,"minecraft:iron_shovel":1,"minecraft:beetroot":1,"minecraft:stone_bricks":3,"minecraft:cracked_stone_bricks":1,"minecraft:bow":2,"minecraft:wheat_seeds":2,"minecraft:gold_nugget":5,"minecraft:cooked_chicken":2,"minecraft:beef":14,"minecraft:stone_pickaxe":1,"minecraft:iron_nugget":8,"minecraft:glass_bottle":1,"minecraft:melon_slice":39,"minecraft:oak_planks":46,"minecraft:pitcher_pod":1,"minecraft:stick":3,"minecraft:torch":1,"minecraft:porkchop":6,"minecraft:sand":1,"tombstone:grave_dust":3,"minecraft:white_bed":2,"minecraft:carrot":10,"alexsmobs:animal_dictionary":1,"regions_unexplored:purple_coneflower":4,"minecraft:rotten_flesh":5,"minecraft:beetroot_seeds":2,"minecraft:stone_axe":2,"minecraft:golden_apple":1,"minecraft:chainmail_helmet":1,"minecraft:mutton":1,"minecraft:iron_bars":4,"alexsmobs:flying_fish":2,"minecraft:white_wool":6},"minecraft:custom":{"minecraft:interact_with_furnace":12,"minecraft:mob_kills":30,"minecraft:interact_with_crafting_table":6,"minecraft:time_since_death":952,"minecraft:sleep_in_bed":3,"minecraft:climb_one_cm":1350,"minecraft:time_since_rest":492,"minecraft:sprint_one_cm":401279,"minecraft:damage_taken":2837,"minecraft:walk_one_cm":178372,"minecraft:drop":82,"minecraft:damage_dealt":3104,"minecraft:swim_one_cm":70499,"minecraft:fly_one_cm":318880,"minecraft:open_chest":20,"minecraft:crouch_one_cm":1656,"minecraft:play_time":74736,"tombstone:undead_killed":6,"minecraft:deaths":8,"minecraft:sneak_time":929,"minecraft:walk_under_water_one_cm":13407,"minecraft:jump":1558,"minecraft:walk_on_water_one_cm":20676,"minecraft:total_world_time":74736,"minecraft:fall_one_cm":31644},"minecraft:dropped":{"minecraft:enchanted_book":1,"minecraft:stone_axe":1,"minecraft:birch_planks":64,"minecraft:wheat_seeds":2,"minecraft:cooked_chicken":1,"minecraft:iron_nugget":8,"alexsmobs:animal_dictionary":1,"minecraft:glass_bottle":3,"minecraft:cooked_porkchop":3,"minecraft:wheat":18,"minecraft:feather":4,"minecraft:pitcher_pod":1,"minecraft:lead":1,"minecraft:rotten_flesh":4,"minecraft:leather":7,"minecraft:white_bed":1,"alexsmobs:bear_fur":8,"minecraft:golden_apple":1,"minecraft:stick":3,"minecraft:filled_map":2,"minecraft:red_bed":1,"minecraft:wooden_hoe":1,"minecraft:melon_slice":10,"minecraft:beetroot_seeds":2,"alexsmobs:flying_fish":2,"regions_unexplored:purple_coneflower":4,"minecraft:bow":1,"minecraft:gold_nugget":5,"tombstone:grave_dust":4,"minecraft:stone_bricks":2,"minecraft:sand":1,"minecraft:iron_bars":4,"minecraft:string":2,"minecraft:white_wool":3,"minecraft:bone":1,"minecraft:brick":2},"minecraft:used":{"minecraft:beetroot":1,"minecraft:birch_planks":16,"minecraft:stone_pickaxe":14,"minecraft:cooked_chicken":1,"minecraft:rotten_flesh":1,"minecraft:cracked_stone_bricks":1,"minecraft:torch":1,"minecraft:mutton":1,"minecraft:carrot":14,"minecraft:white_bed":2,"minecraft:apple":6,"minecraft:melon_slice":24,"minecraft:string":1,"minecraft:stone_bricks":1,"minecraft:stone_axe":84,"minecraft:wooden_sword":68,"minecraft:potion":2,"minecraft:white_banner":1,"tombstone:gift":1}},"DataVersion":3465}