{"stats":{"minecraft:killed_by":{"iceandfire:dread_scuttler":2,"born_in_chaos_v1:restless_spirit":1,"minecraft:drowned":1,"iceandfire:dread_ghoul":8,"iceandfire:dread_knight":14,"minecraft:bee":1,"minecraft:skeleton":1,"minecraft:zombie":2,"earthmobsmod:skeleton_wolf":1,"iceandfire:fire_dragon":8},"minecraft:broken":{"minecraft:iron_boots":1,"minecraft:iron_chestplate":1,"minecraft:iron_leggings":1,"minecraft:iron_helmet":1},"minecraft:killed":{"luminousworld:deer":1,"earthmobsmod:duck":1,"enemyexpansion:equestrian":1,"alexsmobs:snow_leopard":1,"luminousworld:fawn":1,"naturalist:snail":1,"iceandfire:dread_knight":1,"iceandfire:fire_dragon":1,"minecraft:bee":1,"takesapillage:clay_golem":1,"earthmobsmod:albino_cow":3,"minecraft:pig":1,"minecraft:zombie_villager":2,"naturalist:butterfly":2,"undead_revamp2:theheavy":1,"earthmobsmod:cream_cow":1,"minecraft:sheep":7,"minecraft:zombie":1,"ecologics:squirrel":1,"iceandfire:dread_ghoul":2},"minecraft:used":{"minecraft:purple_candle":1,"minecraft:armor_stand":1,"minecraft:iron_sword":110,"minecraft:iron_chestplate":1,"minecraft:dirt":14,"minecraft:mutton":3,"iceandfire:pixie_dust":2,"iceandfire:copper_sword":1,"minecraft:oak_fence_gate":1,"minecraft:iron_helmet":1,"minecraft:iron_boots":4,"minecraft:item_frame":2,"minecraft:light_gray_wool":1,"minecraft:beef":8,"luminousworld:raw_venison":1,"tombstone:gift":4,"minecraft:cooked_beef":1,"minecraft:iron_leggings":1,"minecraft:cooked_mutton":1,"minecraft:birch_planks":18,"minecraft:white_wool":2,"minecraft:white_bed":5,"minecraft:mud":1,"minecraft:apple":17,"minecraft:zombie_head":1,"minecraft:chicken":1,"minecraft:bread":8,"minecraft:iron_pickaxe":1,"ecologics:coconut_slice":3,"luminousworld:sunset_petunias":1,"minecraft:diamond_sword":181,"minecraft:cobblestone":1,"minecraft:porkchop":3,"minecraft:yellow_bed":4},"minecraft:custom":{"minecraft:mob_kills":32,"minecraft:interact_with_crafting_table":3,"minecraft:leave_game":6,"minecraft:time_since_death":7603,"minecraft:climb_one_cm":2457,"minecraft:sprint_one_cm":589858,"minecraft:walk_one_cm":202271,"minecraft:drop":85,"minecraft:talked_to_villager":11,"minecraft:play_time":111101,"minecraft:deaths":40,"minecraft:sneak_time":763,"minecraft:walk_under_water_one_cm":3923,"minecraft:jump":3178,"minecraft:walk_on_water_one_cm":19806,"minecraft:total_world_time":111101,"minecraft:sleep_in_bed":6,"minecraft:time_since_rest":7343,"minecraft:damage_taken":11513,"minecraft:trigger_trapped_chest":1,"minecraft:damage_dealt":6392,"minecraft:swim_one_cm":29252,"minecraft:fly_one_cm":750260,"minecraft:player_kills":1,"minecraft:open_chest":34,"minecraft:crouch_one_cm":1509,"tombstone:undead_killed":8,"minecraft:fall_one_cm":74288},"minecraft:dropped":{"naturalist:snail_shell":1,"minecraft:wheat_seeds":20,"ecologics:coconut_slice":1,"minecraft:leather":7,"minecraft:dirt":21,"minecraft:stone_button":2,"tombstone:grave_key":2,"minecraft:rose_bush":1,"minecraft:snowball":11,"tombstone:grave_dust":6,"minecraft:string":1,"iceandfire:dread_shard":2,"minecraft:dandelion":1,"minecraft:bone":2,"minecraft:wheat":3,"undead_revamp2:arapholia":1,"minecraft:rotten_flesh":14,"minecraft:clay_ball":3,"minecraft:cooked_mutton":1,"supplementaries:ash":10,"luminousworld:grassflowers":1,"minecraft:allium":2,"iceandfire:copper_sword":2,"ecologics:coconut_husk":3,"minecraft:spider_eye":1,"minecraft:stone_bricks":4,"minecraft:slime_ball":3,"minecraft:arrow":7},"minecraft:mined":{"minecraft:white_bed":7,"minecraft:purple_candle":1,"minecraft:grass_block":4,"luminousworld:grassvariant_2":3,"luminousworld:sunset_petunias":2,"minecraft:fire":2,"minecraft:dirt_path":5,"minecraft:vine":1,"luminousworld:snowgrass":1,"minecraft:dandelion":1,"minecraft:rose_bush":1,"luminousworld:grassflowers":1,"minecraft:tall_grass":13,"minecraft:beehive":1,"minecraft:mud":1,"minecraft:yellow_bed":5,"minecraft:grass":32,"minecraft:oak_fence_gate":1,"minecraft:zombie_head":1,"minecraft:dirt":5,"minecraft:oak_leaves":1},"minecraft:crafted":{"minecraft:iron_sword":1,"minecraft:iron_chestplate":1,"minecraft:stick":4,"minecraft:iron_pickaxe":1},"minecraft:picked_up":{"minecraft:mud":1,"minecraft:crafting_table":1,"minecraft:iron_chestplate":1,"minecraft:allium":2,"minecraft:wheat":3,"minecraft:chicken":1,"minecraft:clay_ball":3,"minecraft:diamond_sword":1,"minecraft:stone_brick_wall":2,"tombstone:grave_key":1,"minecraft:chain":2,"minecraft:string":1,"minecraft:item_frame":2,"minecraft:iron_leggings":1,"minecraft:armor_stand":2,"minecraft:iron_shovel":1,"minecraft:zombie_head":1,"minecraft:beef":8,"iceandfire:dread_shard":2,"minecraft:rose_bush":1,"minecraft:iron_pickaxe":1,"minecraft:light_gray_wool":1,"minecraft:iron_boots":1,"iceandfire:pixie_dust":1,"ecologics:coconut_slice":4,"minecraft:torch":2,"minecraft:porkchop":3,"minecraft:stone_button":8,"tombstone:grave_dust":3,"minecraft:purple_candle":1,"luminousworld:grassflowers":1,"minecraft:arrow":7,"minecraft:rotten_flesh":14,"luminousworld:yellow_grassflowers":3,"born_in_chaos_v1:spiny_shell":4,"supplementaries:ash":34,"minecraft:brick_stairs":4,"minecraft:mutton":10,"undead_revamp2:arapholia":1,"minecraft:snowball":6,"minecraft:white_wool":7,"minecraft:cobblestone":1,"minecraft:cooked_beef":3,"minecraft:leather":7,"minecraft:birch_planks":20,"luminousworld:raw_venison":1,"minecraft:yellow_bed":5,"minecraft:dirt":30,"minecraft:cooked_mutton":2,"minecraft:bone":2,"minecraft:stone_bricks":1,"minecraft:wheat_seeds":20,"minecraft:oak_fence_gate":1,"minecraft:iron_ingot":1,"naturalist:snail_shell":1,"luminousworld:sunset_petunias":1,"minecraft:dandelion":2,"minecraft:white_bed":7,"minecraft:spider_eye":1,"minecraft:slime_ball":3,"minecraft:iron_helmet":2,"minecraft:emerald":4,"minecraft:diamond_pickaxe":1}},"DataVersion":3465}