{"stats":{"minecraft:mined":{"minecraft:white_bed":5,"minecraft:grass_block":1,"luminousworld:grassvariant_2":2,"minecraft:tall_grass":1,"luminousworld:sunset_petunias":1,"minecraft:beehive":1,"minecraft:grass":12,"minecraft:dirt_path":4,"minecraft:dirt":5},"minecraft:picked_up":{"minecraft:crafting_table":1,"minecraft:iron_chestplate":1,"minecraft:wheat":1,"minecraft:allium":2,"minecraft:clay_ball":3,"minecraft:leather":4,"minecraft:diamond_sword":1,"minecraft:birch_planks":20,"minecraft:dirt":26,"minecraft:string":1,"minecraft:iron_leggings":1,"minecraft:armor_stand":2,"minecraft:item_frame":1,"minecraft:wheat_seeds":4,"minecraft:beef":4,"minecraft:light_gray_wool":1,"minecraft:iron_boots":1,"iceandfire:pixie_dust":1,"ecologics:coconut_slice":4,"minecraft:dandelion":1,"luminousworld:sunset_petunias":1,"minecraft:porkchop":3,"tombstone:grave_dust":2,"minecraft:white_bed":5,"minecraft:spider_eye":1,"minecraft:rotten_flesh":5,"minecraft:slime_ball":3,"minecraft:iron_helmet":1,"minecraft:emerald":2,"supplementaries:ash":1,"minecraft:mutton":4,"undead_revamp2:arapholia":1,"minecraft:white_wool":3,"minecraft:diamond_pickaxe":1},"minecraft:crafted":{"minecraft:iron_sword":1,"minecraft:iron_chestplate":1,"minecraft:stick":4,"minecraft:iron_pickaxe":1},"minecraft:killed":{"minecraft:pig":1,"minecraft:zombie_villager":2,"naturalist:butterfly":1,"enemyexpansion:equestrian":1,"naturalist:snail":1,"minecraft:sheep":3,"minecraft:bee":1,"ecologics:squirrel":1,"takesapillage:clay_golem":1,"earthmobsmod:albino_cow":3},"minecraft:custom":{"minecraft:mob_kills":15,"minecraft:interact_with_crafting_table":3,"minecraft:leave_game":2,"minecraft:time_since_death":12326,"minecraft:sleep_in_bed":1,"minecraft:climb_one_cm":344,"minecraft:time_since_rest":8987,"minecraft:sprint_one_cm":194018,"minecraft:damage_taken":1927,"minecraft:walk_one_cm":69116,"minecraft:drop":34,"minecraft:damage_dealt":2154,"minecraft:swim_one_cm":21098,"minecraft:talked_to_villager":4,"minecraft:fly_one_cm":227869,"minecraft:open_chest":17,"minecraft:crouch_one_cm":280,"minecraft:play_time":37028,"tombstone:undead_killed":3,"minecraft:deaths":6,"minecraft:sneak_time":359,"minecraft:walk_under_water_one_cm":818,"minecraft:jump":1126,"minecraft:walk_on_water_one_cm":7883,"minecraft:total_world_time":37028,"minecraft:fall_one_cm":26594},"minecraft:killed_by":{"minecraft:skeleton":1,"minecraft:zombie":2,"earthmobsmod:skeleton_wolf":1,"minecraft:drowned":1,"minecraft:bee":1},"minecraft:dropped":{"minecraft:wheat_seeds":4,"ecologics:coconut_slice":1,"minecraft:wheat":1,"undead_revamp2:arapholia":1,"minecraft:clay_ball":3,"minecraft:rotten_flesh":5,"minecraft:leather":4,"supplementaries:ash":1,"minecraft:dirt":16,"minecraft:allium":2,"tombstone:grave_key":1,"ecologics:coconut_husk":3,"tombstone:grave_dust":5,"minecraft:spider_eye":1,"minecraft:slime_ball":3,"minecraft:string":1,"minecraft:dandelion":1},"minecraft:used":{"minecraft:birch_planks":18,"minecraft:armor_stand":1,"minecraft:iron_sword":58,"minecraft:white_wool":2,"minecraft:iron_chestplate":1,"minecraft:dirt":10,"minecraft:mutton":3,"iceandfire:pixie_dust":1,"minecraft:white_bed":3,"minecraft:apple":6,"minecraft:bread":1,"minecraft:iron_helmet":1,"minecraft:iron_boots":4,"minecraft:item_frame":1,"ecologics:coconut_slice":3,"minecraft:light_gray_wool":1,"luminousworld:sunset_petunias":1,"minecraft:beef":3,"minecraft:porkchop":3,"tombstone:gift":4,"minecraft:iron_leggings":1}},"DataVersion":3465}