{"stats":{"minecraft:crafted":{"minecraft:furnace":1,"minecraft:stone":1,"minecraft:cooked_mutton":21,"minecraft:iron_boots":2,"minecraft:stone_pickaxe":4,"minecraft:cooked_beef":11,"minecraft:cooked_porkchop":26,"minecraft:iron_sword":2,"minecraft:birch_planks":36,"minecraft:stone_axe":1,"minecraft:air":0,"minecraft:iron_chestplate":1,"minecraft:stick":20,"minecraft:iron_pickaxe":3,"minecraft:iron_ingot":15,"minecraft:stone_sword":3,"minecraft:torch":8},"minecraft:mined":{"minecraft:white_bed":9,"iceandfire:silver_ore":1,"minecraft:mossy_cobblestone":6,"minecraft:granite":10,"minecraft:grass_block":3,"minecraft:spawner":11,"minecraft:furnace":1,"minecraft:carrots":6,"minecraft:iron_ore":59,"minecraft:fire":4,"minecraft:brown_bed":1,"minecraft:pointed_dripstone":1,"minecraft:deepslate_iron_ore":19,"minecraft:vine":4,"minecraft:iron_bars":1,"minecraft:stone":232,"minecraft:glass_pane":2,"minecraft:red_bed":8,"minecraft:torch":1,"minecraft:rose_bush":1,"minecraft:copper_ore":12,"minecraft:tall_grass":5,"minecraft:cobblestone":7,"minecraft:diorite":8,"minecraft:wall_torch":3,"minecraft:pink_petals":1,"minecraft:birch_planks":3,"minecraft:wheat":2,"minecraft:magenta_bed":9,"minecraft:yellow_bed":2,"minecraft:grass":33,"minecraft:coal_ore":63,"minecraft:sunflower":2,"minecraft:gravel":18,"minecraft:dripstone_block":1,"minecraft:dirt":2,"minecraft:cracked_stone_bricks":4,"minecraft:stone_bricks":4,"minecraft:mossy_stone_bricks":12,"minecraft:deepslate":4},"minecraft:custom":{"minecraft:interact_with_smithing_table":1,"minecraft:interact_with_anvil":1,"minecraft:mob_kills":178,"minecraft:interact_with_crafting_table":57,"minecraft:open_barrel":4,"minecraft:leave_game":2,"minecraft:time_since_death":682,"minecraft:climb_one_cm":10950,"minecraft:sprint_one_cm":1459225,"minecraft:walk_one_cm":824446,"minecraft:damage_blocked_by_shield":8077,"minecraft:drop":170,"minecraft:talked_to_villager":2,"minecraft:play_time":327703,"minecraft:sneak_time":4651,"minecraft:deaths":98,"minecraft:walk_under_water_one_cm":10793,"minecraft:jump":6794,"minecraft:interact_with_blast_furnace":1,"minecraft:walk_on_water_one_cm":33938,"minecraft:total_world_time":327703,"minecraft:interact_with_furnace":100,"minecraft:sleep_in_bed":14,"minecraft:time_since_rest":25,"minecraft:damage_taken":28944,"minecraft:damage_dealt":31644,"minecraft:player_kills":3,"minecraft:swim_one_cm":74611,"minecraft:fly_one_cm":1352561,"minecraft:open_chest":168,"minecraft:crouch_one_cm":8387,"tombstone:undead_killed":103,"minecraft:interact_with_smoker":1,"minecraft:fall_one_cm":162887,"minecraft:horse_one_cm":268},"minecraft:killed_by":{"minecraft:player":1,"alexsmobs:rocky_roller":1,"minecraft:wither_skeleton":2,"minecraft:stray":4,"alexsmobs:bison":2,"mutantmonsters:mutant_creeper":3,"mutantmonsters:mutant_skeleton":1,"minecraft:skeleton":13,"minecraft:zombie":12,"iceandfire:fire_dragon":53},"minecraft:used":{"minecraft:beetroot":5,"minecraft:stone_sword":393,"minecraft:iron_bars":3,"minecraft:shield":94,"minecraft:stone":1,"minecraft:iron_sword":670,"minecraft:rotten_flesh":8,"minecraft:torch":55,"minecraft:dirt":7,"minecraft:carrot":25,"minecraft:granite":5,"minecraft:wooden_axe":6,"alexsmobs:maggot":1,"alexsmobs:lobster_tail":1,"minecraft:bow":7,"minecraft:furnace":2,"tombstone:gift":2,"minecraft:brown_bed":1,"minecraft:cooked_beef":7,"minecraft:cobbled_deepslate":4,"minecraft:pointed_dripstone":1,"minecraft:cooked_mutton":3,"minecraft:mossy_stone_bricks":3,"minecraft:diorite":8,"iceandfire:fire_dragon_flesh":1,"minecraft:birch_planks":5,"minecraft:dark_oak_sign":2,"minecraft:stone_pickaxe":424,"minecraft:baked_potato":7,"minecraft:wooden_pickaxe":59,"minecraft:cracked_stone_bricks":2,"minecraft:salmon":2,"minecraft:mossy_cobblestone":2,"minecraft:red_bed":7,"minecraft:magenta_bed":9,"minecraft:white_bed":9,"minecraft:dripstone_block":1,"minecraft:apple":7,"minecraft:bread":6,"minecraft:melon_slice":1,"minecraft:iron_pickaxe":9,"minecraft:gravel":13,"minecraft:stone_axe":68,"minecraft:cobblestone":156,"minecraft:wooden_sword":8,"minecraft:potion":4,"minecraft:cooked_porkchop":1,"minecraft:andesite":3,"minecraft:yellow_bed":2},"minecraft:dropped":{"minecraft:iron_ingot":2,"minecraft:golden_boots":1,"minecraft:spruce_sign":2,"minecraft:birch_planks":4,"minecraft:wheat_seeds":25,"minecraft:cooked_beef":16,"minecraft:baked_potato":3,"minecraft:glass_bottle":2,"minecraft:ender_pearl":14,"minecraft:cooked_porkchop":15,"minecraft:orange_tulip":8,"minecraft:feather":1,"minecraft:cobblestone":22,"minecraft:leather":8,"iceandfire:ectoplasm":5,"minecraft:granite":7,"minecraft:leather_helmet":2,"minecraft:golden_apple":1,"minecraft:flint":3,"minecraft:stick":30,"minecraft:polished_andesite":1,"minecraft:oxeye_daisy":1,"minecraft:dirt":48,"minecraft:red_bed":1,"minecraft:wooden_axe":1,"minecraft:rose_bush":4,"tombstone:grave_dust":3,"minecraft:potion":1,"minecraft:wooden_sword":1,"minecraft:gold_nugget":54,"minecraft:sunflower":19,"iceandfire:ash":7,"minecraft:iron_pickaxe":1,"minecraft:string":10,"minecraft:pink_petals":2,"minecraft:white_wool":6,"iceandfire:dragon_skull_fire":2,"minecraft:pink_tulip":2,"minecraft:bone":90,"minecraft:white_tulip":1,"minecraft:golden_chestplate":1,"minecraft:stone_sword":1,"minecraft:raw_copper":105,"minecraft:pointed_dripstone":2,"tombstone:gift":1,"minecraft:rotten_flesh":27,"minecraft:diamond_shovel":1,"minecraft:cooked_mutton":9,"minecraft:white_bed":3,"minecraft:tipped_arrow":2,"mutantmonsters:mutant_skeleton_rib_cage":1,"minecraft:bundle":1,"minecraft:mossy_stone_bricks":1,"minecraft:leather_boots":1,"minecraft:golden_leggings":1,"minecraft:spider_eye":3,"minecraft:stone_bricks":3,"iceandfire:fire_dragon_heart":2,"minecraft:iron_bars":1,"minecraft:arrow":17,"minecraft:bow":4,"minecraft:stone_pickaxe":3,"minecraft:beef":5,"minecraft:red_tulip":2},"minecraft:picked_up":{"minecraft:wooden_axe":1,"minecraft:iron_chestplate":2,"minecraft:chainmail_boots":1,"iceandfire:witherbone":3,"minecraft:leather_leggings":1,"minecraft:wooden_pickaxe":1,"minecraft:brown_bed":1,"minecraft:potion":3,"minecraft:shield":2,"minecraft:string":10,"minecraft:red_bed":8,"minecraft:raw_copper":105,"minecraft:wooden_sword":1,"minecraft:iron_leggings":1,"minecraft:cracked_stone_bricks":5,"minecraft:gold_nugget":168,"minecraft:cobbled_deepslate":4,"minecraft:beef":26,"minecraft:white_tulip":1,"minecraft:rose_bush":1,"minecraft:iron_pickaxe":1,"minecraft:light_gray_wool":1,"iceandfire:dragonscales_red":12,"minecraft:iron_boots":1,"minecraft:furnace":1,"iceandfire:dragonscales_gray":10,"minecraft:tipped_arrow":2,"minecraft:stick":45,"minecraft:raw_iron":79,"iceandfire:dragonbone":28,"minecraft:torch":7,"minecraft:porkchop":46,"minecraft:pointed_dripstone":5,"tombstone:grave_dust":9,"minecraft:diorite":8,"minecraft:carrot":21,"minecraft:golden_chestplate":2,"minecraft:stone_sword":1,"minecraft:arrow":21,"minecraft:rotten_flesh":51,"iceandfire:fire_dragon_heart":3,"minecraft:red_tulip":2,"alexsmobs:lobster_tail":1,"minecraft:mutton":34,"minecraft:iron_bars":5,"minecraft:white_wool":18,"minecraft:cobblestone":216,"minecraft:birch_log":13,"minecraft:feather":1,"minecraft:cooked_beef":9,"minecraft:andesite":3,"minecraft:salmon":2,"minecraft:leather":8,"minecraft:golden_leggings":1,"minecraft:birch_planks":4,"minecraft:flint":4,"iceandfire:ectoplasm":5,"minecraft:yellow_bed":2,"minecraft:golden_boots":1,"minecraft:magenta_bed":9,"alexsmobs:rocky_shell":1,"minecraft:dirt":29,"minecraft:cooked_mutton":2,"minecraft:leather_boots":1,"minecraft:bone":117,"minecraft:stone_bricks":8,"minecraft:bow":4,"minecraft:orange_tulip":6,"minecraft:wheat_seeds":12,"mutantmonsters:mutant_skeleton_rib_cage":1,"minecraft:dark_oak_sign":2,"minecraft:stone_pickaxe":1,"minecraft:mossy_stone_bricks":15,"minecraft:glass_bottle":1,"iceandfire:fire_dragon_flesh":1,"minecraft:iron_sword":1,"minecraft:oak_planks":9,"iceandfire:ash":4,"minecraft:dripstone_block":1,"minecraft:gravel":16,"iceandfire:dragon_skull_fire":3,"minecraft:white_bed":12,"minecraft:spider_eye":2,"minecraft:mossy_cobblestone":9,"minecraft:leather_helmet":2,"mowziesmobs:naga_fang":2,"minecraft:bundle":4,"minecraft:polished_andesite":1,"minecraft:iron_helmet":1,"minecraft:granite":12,"minecraft:golden_apple":5,"minecraft:chainmail_helmet":1,"minecraft:spruce_sign":2,"minecraft:bread":17,"alexsmobs:maggot":1,"minecraft:baked_potato":3,"minecraft:black_wool":1,"minecraft:coal":69,"minecraft:diamond_pickaxe":1,"minecraft:sunflower":15,"minecraft:ender_pearl":14},"minecraft:broken":{"minecraft:stone_sword":3,"minecraft:iron_boots":1,"minecraft:iron_chestplate":2,"minecraft:iron_leggings":1,"minecraft:chainmail_helmet":1,"minecraft:wooden_pickaxe":1,"minecraft:golden_leggings":1,"minecraft:stone_pickaxe":2,"minecraft:shield":1,"minecraft:stone_axe":1,"minecraft:iron_helmet":1},"minecraft:killed":{"alexsmobs:lobster":1,"minecraft:spider":8,"minecraft:skeleton":15,"minecraft:pig":20,"alexsmobs:skunk":1,"minecraft:salmon":3,"minecraft:creeper":1,"minecraft:sheep":20,"minecraft:zombie":47,"iceandfire:ghost":3,"minecraft:stray":7,"alexsmobs:fly":1,"alexsmobs:crow":1,"mutantmonsters:mutant_creeper":1,"minecraft:wither_skeleton":31,"minecraft:enderman":1,"minecraft:cow":8}},"DataVersion":3465}