{"stats":{"minecraft:killed":{"alexsmobs:skunk":1,"minecraft:salmon":3,"minecraft:creeper":1,"minecraft:skeleton":1,"minecraft:sheep":2,"minecraft:zombie":14,"iceandfire:ghost":1,"minecraft:wither_skeleton":10,"minecraft:enderman":1,"minecraft:cow":4},"minecraft:mined":{"iceandfire:silver_ore":1,"minecraft:red_bed":3,"minecraft:mossy_cobblestone":4,"minecraft:torch":1,"minecraft:granite":9,"minecraft:cobblestone":7,"minecraft:copper_ore":12,"minecraft:diorite":8,"minecraft:wall_torch":3,"minecraft:spawner":5,"minecraft:birch_planks":3,"minecraft:furnace":1,"minecraft:carrots":2,"minecraft:iron_ore":59,"minecraft:grass":3,"minecraft:pointed_dripstone":1,"minecraft:coal_ore":63,"minecraft:deepslate_iron_ore":19,"minecraft:gravel":17,"minecraft:dripstone_block":1,"minecraft:dirt":1,"minecraft:cracked_stone_bricks":1,"minecraft:stone_bricks":2,"minecraft:stone":213,"minecraft:mossy_stone_bricks":9,"minecraft:deepslate":4},"minecraft:killed_by":{"minecraft:player":1,"minecraft:wither_skeleton":1,"minecraft:stray":2,"minecraft:zombie":1},"minecraft:dropped":{"minecraft:birch_planks":4,"minecraft:wheat_seeds":1,"minecraft:cooked_beef":6,"minecraft:baked_potato":3,"minecraft:stone_sword":1,"minecraft:raw_copper":105,"minecraft:pointed_dripstone":2,"minecraft:feather":1,"minecraft:cobblestone":1,"minecraft:leather":3,"minecraft:granite":7,"minecraft:leather_helmet":2,"minecraft:stick":11,"minecraft:flint":3,"minecraft:wooden_axe":1,"minecraft:mossy_stone_bricks":1,"minecraft:leather_boots":1,"minecraft:wooden_sword":1,"minecraft:iron_bars":1,"minecraft:white_wool":2},"minecraft:broken":{"minecraft:stone_pickaxe":2,"minecraft:wooden_pickaxe":1},"minecraft:custom":{"minecraft:interact_with_furnace":32,"minecraft:mob_kills":40,"minecraft:interact_with_crafting_table":22,"minecraft:leave_game":1,"minecraft:time_since_death":1908,"minecraft:sleep_in_bed":2,"minecraft:climb_one_cm":16,"minecraft:time_since_rest":1644,"minecraft:sprint_one_cm":499274,"minecraft:damage_taken":3409,"minecraft:walk_one_cm":379600,"minecraft:drop":36,"minecraft:damage_dealt":6513,"minecraft:swim_one_cm":7134,"minecraft:fly_one_cm":313724,"minecraft:player_kills":1,"minecraft:open_chest":48,"minecraft:crouch_one_cm":7004,"tombstone:undead_killed":26,"minecraft:play_time":153514,"minecraft:deaths":8,"minecraft:sneak_time":4072,"minecraft:walk_under_water_one_cm":5992,"minecraft:jump":2378,"minecraft:walk_on_water_one_cm":9255,"minecraft:total_world_time":153514,"minecraft:fall_one_cm":56184},"minecraft:crafted":{"minecraft:furnace":1,"minecraft:stone":1,"minecraft:birch_planks":36,"minecraft:stone_axe":1,"minecraft:cooked_mutton":2,"minecraft:air":0,"minecraft:iron_boots":1,"minecraft:iron_chestplate":1,"minecraft:stick":20,"minecraft:iron_ingot":15,"minecraft:stone_pickaxe":4,"minecraft:stone_sword":3,"minecraft:torch":8},"minecraft:picked_up":{"minecraft:wooden_axe":1,"minecraft:birch_log":9,"minecraft:iron_chestplate":1,"iceandfire:witherbone":1,"minecraft:feather":1,"minecraft:cooked_beef":6,"minecraft:chainmail_boots":1,"minecraft:salmon":2,"minecraft:andesite":3,"minecraft:leather":3,"minecraft:wooden_pickaxe":1,"minecraft:birch_planks":4,"minecraft:flint":4,"minecraft:red_bed":3,"minecraft:dirt":1,"minecraft:raw_copper":105,"minecraft:wooden_sword":1,"minecraft:iron_leggings":1,"minecraft:leather_boots":1,"minecraft:bone":23,"minecraft:stone_bricks":4,"minecraft:cracked_stone_bricks":2,"minecraft:wheat_seeds":1,"minecraft:cobbled_deepslate":4,"minecraft:beef":10,"minecraft:mossy_stone_bricks":8,"minecraft:iron_pickaxe":1,"minecraft:oak_planks":9,"minecraft:furnace":1,"minecraft:stick":21,"minecraft:raw_iron":79,"minecraft:torch":5,"minecraft:dripstone_block":1,"minecraft:gravel":14,"tombstone:grave_dust":2,"minecraft:pointed_dripstone":3,"minecraft:diorite":8,"minecraft:carrot":6,"minecraft:leather_helmet":2,"minecraft:mossy_cobblestone":4,"minecraft:bundle":1,"minecraft:stone_sword":1,"minecraft:rotten_flesh":11,"minecraft:iron_helmet":1,"minecraft:granite":11,"minecraft:baked_potato":3,"minecraft:iron_bars":3,"minecraft:coal":67,"minecraft:mutton":4,"minecraft:cobblestone":200,"minecraft:white_wool":2},"minecraft:used":{"minecraft:cooked_mutton":2,"minecraft:mossy_stone_bricks":1,"minecraft:diorite":8,"minecraft:iron_bars":1,"minecraft:stone_sword":219,"minecraft:birch_planks":5,"minecraft:stone_pickaxe":370,"minecraft:baked_potato":7,"minecraft:wooden_pickaxe":59,"minecraft:stone":1,"minecraft:rotten_flesh":8,"minecraft:cracked_stone_bricks":1,"minecraft:salmon":2,"minecraft:torch":26,"minecraft:dirt":1,"minecraft:red_bed":3,"minecraft:carrot":9,"minecraft:dripstone_block":1,"minecraft:granite":4,"minecraft:wooden_axe":6,"minecraft:apple":3,"minecraft:gravel":12,"minecraft:stone_axe":4,"minecraft:wooden_sword":8,"minecraft:cobblestone":156,"minecraft:furnace":2,"minecraft:andesite":3,"tombstone:gift":2,"minecraft:cooked_beef":3,"minecraft:cobbled_deepslate":4,"minecraft:pointed_dripstone":1}},"DataVersion":3465}