{"stats":{"minecraft:killed":{"minecraft:pig":2,"alexsmobs:grizzly_bear":1,"alexsmobs:raccoon":1,"minecraft:sheep":1,"minecraft:skeleton":1,"minecraft:zombie":2,"alexsmobs:leafcutter_ant":2,"minecraft:drowned":1,"alexsmobs:flying_fish":2,"minecraft:cow":4},"minecraft:killed_by":{"cataclysm:deepling_brute":1,"minecraft:skeleton":1,"minecraft:zombie":1,"alexsmobs:leafcutter_ant":1},"minecraft:mined":{"minecraft:light_gray_stained_glass_pane":4,"minecraft:melon":7,"regions_unexplored:purple_coneflower":1,"minecraft:large_fern":1,"minecraft:birch_planks":11,"minecraft:carrots":3,"regions_unexplored:redwood_leaves":1,"minecraft:white_wall_banner":1,"minecraft:grass":8,"minecraft:pitcher_crop":1,"minecraft:beetroots":1,"minecraft:dirt":2,"regions_unexplored:medium_grass":2,"minecraft:cracked_stone_bricks":2,"minecraft:stone_bricks":4,"regions_unexplored:windswept_grass":3,"minecraft:cake":1},"minecraft:crafted":{"minecraft:cooked_porkchop":6,"minecraft:air":0,"minecraft:white_bed":1},"minecraft:picked_up":{"minecraft:wheat":18,"minecraft:leather_chestplate":1,"minecraft:chainmail_boots":1,"minecraft:leather":1,"minecraft:lead":1,"minecraft:wooden_pickaxe":1,"alexsmobs:bear_fur":4,"minecraft:filled_map":2,"minecraft:birch_planks":101,"minecraft:potion":5,"minecraft:brick":2,"minecraft:wooden_hoe":1,"minecraft:white_banner":1,"minecraft:dirt":24,"minecraft:string":2,"minecraft:red_bed":1,"minecraft:wooden_sword":1,"minecraft:iron_shovel":1,"minecraft:beetroot":1,"minecraft:stone_bricks":3,"minecraft:bow":2,"minecraft:wheat_seeds":2,"minecraft:gold_nugget":5,"minecraft:cooked_chicken":2,"minecraft:beef":6,"minecraft:stone_pickaxe":1,"minecraft:iron_nugget":8,"minecraft:glass_bottle":1,"minecraft:melon_slice":39,"minecraft:pitcher_pod":1,"minecraft:stick":3,"minecraft:torch":1,"minecraft:porkchop":6,"minecraft:sand":1,"tombstone:grave_dust":3,"minecraft:white_bed":1,"minecraft:carrot":10,"alexsmobs:animal_dictionary":1,"regions_unexplored:purple_coneflower":4,"minecraft:rotten_flesh":5,"minecraft:beetroot_seeds":2,"minecraft:stone_axe":2,"minecraft:chainmail_helmet":1,"minecraft:iron_bars":2,"alexsmobs:flying_fish":2,"minecraft:white_wool":5},"minecraft:custom":{"minecraft:interact_with_furnace":12,"minecraft:mob_kills":17,"minecraft:interact_with_crafting_table":6,"minecraft:time_since_death":25229,"minecraft:climb_one_cm":1326,"minecraft:time_since_rest":24054,"minecraft:sprint_one_cm":243287,"minecraft:damage_taken":1664,"minecraft:walk_one_cm":125385,"minecraft:drop":64,"minecraft:damage_dealt":1868,"minecraft:swim_one_cm":35659,"minecraft:fly_one_cm":205967,"minecraft:open_chest":16,"minecraft:crouch_one_cm":1220,"minecraft:play_time":50736,"tombstone:undead_killed":4,"minecraft:deaths":4,"minecraft:sneak_time":642,"minecraft:walk_under_water_one_cm":8094,"minecraft:jump":942,"minecraft:walk_on_water_one_cm":13311,"minecraft:total_world_time":50736,"minecraft:fall_one_cm":16728},"minecraft:dropped":{"minecraft:enchanted_book":1,"minecraft:stone_axe":1,"minecraft:birch_planks":64,"minecraft:wheat_seeds":2,"minecraft:iron_nugget":8,"alexsmobs:animal_dictionary":1,"minecraft:glass_bottle":3,"minecraft:wheat":18,"minecraft:pitcher_pod":1,"minecraft:lead":1,"minecraft:rotten_flesh":4,"minecraft:leather":1,"alexsmobs:bear_fur":4,"minecraft:stick":3,"minecraft:filled_map":2,"minecraft:red_bed":1,"minecraft:wooden_hoe":1,"minecraft:beetroot_seeds":2,"alexsmobs:flying_fish":2,"regions_unexplored:purple_coneflower":4,"minecraft:bow":1,"minecraft:gold_nugget":5,"tombstone:grave_dust":4,"minecraft:stone_bricks":2,"minecraft:sand":1,"minecraft:iron_bars":2,"minecraft:string":2,"minecraft:white_wool":2,"minecraft:brick":2},"minecraft:used":{"minecraft:beetroot":1,"minecraft:birch_planks":11,"minecraft:stone_pickaxe":12,"minecraft:cooked_chicken":1,"minecraft:rotten_flesh":1,"minecraft:torch":1,"minecraft:carrot":14,"minecraft:apple":6,"minecraft:melon_slice":9,"minecraft:stone_bricks":1,"minecraft:stone_axe":53,"minecraft:wooden_sword":25,"minecraft:potion":2,"minecraft:white_banner":1,"tombstone:gift":1}},"DataVersion":3465}