{"stats":{"minecraft:picked_up":{"minecraft:wooden_axe":1,"minecraft:raw_iron":5,"minecraft:stick":29,"minecraft:coarse_dirt":3,"minecraft:clay_ball":7,"minecraft:sweet_berries":24,"minecraft:brown_mushroom":1,"dynamictrees:spruce_seed":7,"minecraft:wooden_pickaxe":1,"minecraft:spruce_log":6,"minecraft:golden_chestplate":1,"minecraft:mossy_cobblestone":1,"minecraft:rotten_flesh":8,"minecraft:tropical_fish":1,"minecraft:stone_axe":1,"minecraft:glow_berries":6,"minecraft:coal":12,"minecraft:skeleton_skull":1,"minecraft:cobblestone":12},"minecraft:killed_by":{"alexsmobs:cachalot_whale":1},"minecraft:custom":{"minecraft:time_since_rest":22458,"minecraft:interact_with_furnace":6,"minecraft:sprint_one_cm":122349,"minecraft:damage_taken":718,"minecraft:walk_one_cm":68169,"minecraft:mob_kills":13,"minecraft:drop":36,"minecraft:damage_dealt":1452,"minecraft:interact_with_crafting_table":6,"minecraft:swim_one_cm":8451,"minecraft:fly_one_cm":67533,"minecraft:open_chest":3,"minecraft:crouch_one_cm":3521,"minecraft:play_time":27862,"tombstone:undead_killed":9,"minecraft:deaths":1,"minecraft:sneak_time":1959,"minecraft:walk_under_water_one_cm":4368,"minecraft:jump":521,"minecraft:walk_on_water_one_cm":9558,"minecraft:time_since_death":22796,"minecraft:total_world_time":27862,"minecraft:fall_one_cm":8770},"minecraft:dropped":{"minecraft:sweet_berries":9,"minecraft:brown_mushroom":1,"minecraft:clay_ball":7,"minecraft:spruce_log":4,"dynamictrees:spruce_seed":4,"minecraft:stick":16},"minecraft:used":{"minecraft:stone_sword":31,"minecraft:stone_pickaxe":10,"minecraft:wooden_pickaxe":19,"minecraft:stone_axe":42,"minecraft:glow_berries":7,"minecraft:sweet_berries":21,"minecraft:coarse_dirt":3},"minecraft:crafted":{"minecraft:wooden_sword":1,"iceandfire:silver_ingot":2,"minecraft:spruce_planks":8,"minecraft:iron_ingot":5,"minecraft:wooden_pickaxe":1,"minecraft:stone_pickaxe":1,"minecraft:stone_sword":1,"minecraft:air":0},"minecraft:killed":{"minecraft:skeleton":1,"alexsmobs:flutter":1,"alexsmobs:banana_slug":2,"minecraft:zombie":8,"minecraft:tropical_fish":1},"minecraft:mined":{"minecraft:skeleton_skull":1,"minecraft:brown_mushroom":1,"minecraft:mossy_cobblestone":1,"minecraft:iron_ore":5,"minecraft:sweet_berry_bush":10,"minecraft:clay":1,"dynamictrees:spruce_leaves":3,"minecraft:cave_vines_plant":3,"minecraft:grass":3,"minecraft:coal_ore":12,"minecraft:cave_vines":18,"minecraft:dead_bush":3,"minecraft:tall_grass":2,"minecraft:stone":9,"minecraft:fern":1,"minecraft:spawner":1}},"DataVersion":3465}