{"stats":{"minecraft:dropped":{"minecraft:peony":1,"minecraft:raw_iron":48,"tombstone:grave_dust":2,"minecraft:white_bed":1,"minecraft:chainmail_leggings":1,"minecraft:chainmail_helmet":1,"minecraft:stick":7},"minecraft:custom":{"minecraft:time_since_rest":7428,"minecraft:interact_with_smithing_table":1,"minecraft:interact_with_furnace":7,"minecraft:sprint_one_cm":202156,"minecraft:damage_taken":1056,"minecraft:walk_one_cm":113107,"minecraft:trigger_trapped_chest":1,"minecraft:mob_kills":2,"minecraft:drop":14,"minecraft:damage_dealt":578,"minecraft:interact_with_crafting_table":1,"minecraft:interact_with_cartography_table":1,"minecraft:swim_one_cm":8062,"minecraft:talked_to_villager":1,"minecraft:fly_one_cm":316949,"minecraft:open_barrel":1,"minecraft:open_chest":6,"minecraft:crouch_one_cm":68,"minecraft:play_time":40709,"minecraft:deaths":3,"minecraft:sneak_time":183,"minecraft:walk_under_water_one_cm":13920,"minecraft:jump":1435,"minecraft:interact_with_blast_furnace":1,"minecraft:walk_on_water_one_cm":23630,"minecraft:time_since_death":32248,"minecraft:sleep_in_bed":3,"minecraft:interact_with_smoker":1,"minecraft:total_world_time":40709,"minecraft:climb_one_cm":2571,"minecraft:fall_one_cm":35734},"minecraft:picked_up":{"iceandfire:pixie_dust":1,"minecraft:stick":7,"minecraft:raw_iron":48,"iceandfire:pixie_house_birch":1,"minecraft:wither_rose":1,"minecraft:white_bed":6,"minecraft:yellow_bed":2,"minecraft:carrot":2,"minecraft:dirt":10,"tombstone:gift":1,"minecraft:peony":1,"valhelsia_structures:metal_framed_glass_pane":2,"minecraft:beef":7,"minecraft:bread":8},"minecraft:killed":{"alexsmobs:bison":1,"alexsmobs:fly":1},"minecraft:mined":{"minecraft:large_fern":1,"minecraft:white_bed":5,"valhelsia_structures:metal_framed_glass_pane":2,"iceandfire:pixie_house_birch":1,"dynamictrees:spruce_leaves":4,"minecraft:yellow_bed":2,"minecraft:wither_rose":1,"minecraft:grass":3,"iceandfire:pixie_house_mushroom_brown":1,"minecraft:grass_block":1,"minecraft:vine":1,"minecraft:rose_bush":1,"minecraft:dirt":2,"minecraft:cake":1},"minecraft:killed_by":{"iceandfire:ghost":1,"minecraft:player":1,"alexsmobs:bison":1},"minecraft:used":{"minecraft:bread":5,"valhelsia_structures:metal_framed_glass_pane":2,"minecraft:dirt":10,"minecraft:beef":7,"iceandfire:pixie_house_birch":1,"iceandfire:pixie_dust":1,"minecraft:carrot":7,"minecraft:yellow_bed":1,"tombstone:gift":2,"minecraft:white_bed":3,"minecraft:wither_rose":1}},"DataVersion":3465}