{"stats":{"minecraft:dropped":{"minecraft:rotten_flesh":1,"minecraft:wheat_seeds":1,"minecraft:glass_bottle":2},"minecraft:picked_up":{"minecraft:rotten_flesh":2,"minecraft:torch":1,"minecraft:wheat_seeds":1,"minecraft:cooked_chicken":2,"tombstone:grave_dust":1,"minecraft:glass_bottle":1},"minecraft:killed":{"minecraft:zombie":1},"minecraft:killed_by":{"minecraft:skeleton":1,"minecraft:zombie":1},"minecraft:used":{"minecraft:apple":3,"minecraft:potion":1,"tombstone:gift":1,"minecraft:rotten_flesh":1},"minecraft:custom":{"minecraft:open_chest":8,"minecraft:time_since_rest":4824,"minecraft:deaths":2,"minecraft:crouch_one_cm":981,"minecraft:play_time":14981,"minecraft:interact_with_furnace":1,"minecraft:sprint_one_cm":92591,"minecraft:damage_taken":679,"tombstone:undead_killed":1,"minecraft:walk_one_cm":55467,"minecraft:sneak_time":441,"minecraft:walk_under_water_one_cm":946,"minecraft:mob_kills":1,"minecraft:drop":4,"minecraft:jump":173,"minecraft:damage_dealt":318,"minecraft:time_since_death":5282,"minecraft:walk_on_water_one_cm":1399,"minecraft:total_world_time":14981,"minecraft:swim_one_cm":450,"minecraft:interact_with_crafting_table":1,"minecraft:fall_one_cm":2752,"minecraft:fly_one_cm":30813},"minecraft:mined":{"minecraft:large_fern":1,"minecraft:grass":1,"minecraft:light_gray_stained_glass_pane":1,"regions_unexplored:medium_grass":1,"regions_unexplored:redwood_leaves":1,"minecraft:cake":1}},"DataVersion":3465}