{"stats":{"minecraft:mined":{"luminousworld:sunset_petunias":1,"minecraft:white_bed":3,"minecraft:beehive":1,"minecraft:grass":8,"luminousworld:grassvariant_2":2},"minecraft:picked_up":{"iceandfire:pixie_dust":1,"minecraft:iron_chestplate":1,"minecraft:crafting_table":1,"minecraft:diamond_sword":1,"minecraft:birch_planks":20,"luminousworld:sunset_petunias":1,"minecraft:porkchop":3,"minecraft:white_bed":3,"minecraft:dirt":16,"minecraft:item_frame":1,"minecraft:armor_stand":2,"minecraft:rotten_flesh":2,"minecraft:slime_ball":3,"minecraft:iron_helmet":1,"minecraft:emerald":1,"minecraft:light_gray_wool":1,"minecraft:mutton":4,"undead_revamp2:arapholia":1,"minecraft:white_wool":2,"minecraft:diamond_pickaxe":1},"minecraft:crafted":{"minecraft:iron_chestplate":1,"minecraft:stick":4,"minecraft:iron_pickaxe":1,"minecraft:iron_sword":1},"minecraft:killed":{"naturalist:snail":1,"minecraft:sheep":3,"minecraft:pig":1,"minecraft:bee":1,"ecologics:squirrel":1},"minecraft:custom":{"minecraft:time_since_rest":496,"minecraft:sprint_one_cm":132580,"minecraft:damage_taken":1741,"minecraft:walk_one_cm":48393,"minecraft:mob_kills":7,"minecraft:drop":13,"minecraft:damage_dealt":816,"minecraft:talked_to_villager":4,"minecraft:swim_one_cm":5577,"minecraft:interact_with_crafting_table":3,"minecraft:fly_one_cm":140433,"minecraft:open_chest":14,"minecraft:crouch_one_cm":105,"minecraft:play_time":25432,"minecraft:deaths":6,"minecraft:sneak_time":88,"minecraft:walk_under_water_one_cm":209,"minecraft:jump":789,"minecraft:leave_game":1,"minecraft:time_since_death":730,"minecraft:walk_on_water_one_cm":2228,"minecraft:climb_one_cm":40,"minecraft:total_world_time":25432,"minecraft:fall_one_cm":14095},"minecraft:killed_by":{"minecraft:drowned":1,"minecraft:skeleton":1,"minecraft:zombie":2,"minecraft:bee":1,"earthmobsmod:skeleton_wolf":1},"minecraft:dropped":{"minecraft:dirt":16,"tombstone:grave_key":1,"undead_revamp2:arapholia":1,"tombstone:grave_dust":3,"minecraft:rotten_flesh":2,"minecraft:slime_ball":3},"minecraft:used":{"minecraft:apple":2,"minecraft:birch_planks":7,"minecraft:armor_stand":1,"minecraft:bread":1,"minecraft:iron_helmet":1,"minecraft:iron_sword":20,"minecraft:iron_boots":1,"minecraft:item_frame":1,"minecraft:white_wool":2,"minecraft:iron_chestplate":1,"minecraft:light_gray_wool":1,"luminousworld:sunset_petunias":1,"minecraft:mutton":3,"iceandfire:pixie_dust":1,"minecraft:porkchop":3,"tombstone:gift":4,"minecraft:white_bed":2,"minecraft:iron_leggings":1}},"DataVersion":3465}