{"stats":{"minecraft:killed":{"minecraft:salmon":3,"minecraft:sheep":1,"minecraft:cow":4},"minecraft:mined":{"iceandfire:silver_ore":1,"minecraft:torch":1,"minecraft:granite":6,"minecraft:cobblestone":1,"minecraft:copper_ore":11,"minecraft:diorite":7,"minecraft:wall_torch":2,"minecraft:birch_planks":1,"minecraft:furnace":1,"minecraft:iron_ore":13,"minecraft:grass":1,"minecraft:pointed_dripstone":1,"minecraft:coal_ore":51,"minecraft:gravel":14,"minecraft:stone":190},"minecraft:dropped":{"minecraft:wheat_seeds":1,"minecraft:cooked_beef":3,"minecraft:stone_sword":1,"minecraft:leather":3},"minecraft:broken":{"minecraft:stone_pickaxe":1,"minecraft:wooden_pickaxe":1},"minecraft:custom":{"minecraft:interact_with_furnace":23,"minecraft:mob_kills":8,"minecraft:interact_with_crafting_table":18,"minecraft:leave_game":1,"minecraft:time_since_death":45514,"minecraft:time_since_rest":45514,"minecraft:sprint_one_cm":72665,"minecraft:damage_taken":220,"minecraft:walk_one_cm":114771,"minecraft:drop":5,"minecraft:damage_dealt":598,"minecraft:swim_one_cm":6010,"minecraft:fly_one_cm":72314,"minecraft:crouch_one_cm":2307,"minecraft:play_time":45514,"minecraft:sneak_time":1637,"minecraft:walk_under_water_one_cm":1939,"minecraft:jump":786,"minecraft:walk_on_water_one_cm":2722,"minecraft:total_world_time":45514,"minecraft:fall_one_cm":10409},"minecraft:crafted":{"minecraft:furnace":1,"minecraft:stone":1,"minecraft:birch_planks":12,"minecraft:stone_axe":1,"minecraft:cooked_mutton":2,"minecraft:air":0,"minecraft:stick":20,"minecraft:iron_ingot":13,"minecraft:stone_pickaxe":4,"minecraft:stone_sword":3,"minecraft:torch":4},"minecraft:picked_up":{"minecraft:wooden_axe":1,"minecraft:birch_log":3,"minecraft:cooked_beef":5,"minecraft:salmon":2,"minecraft:andesite":2,"minecraft:leather":3,"minecraft:wooden_pickaxe":1,"minecraft:birch_planks":1,"minecraft:flint":1,"minecraft:raw_copper":32,"minecraft:wooden_sword":1,"minecraft:wheat_seeds":1,"minecraft:beef":10,"minecraft:iron_pickaxe":1,"minecraft:furnace":1,"minecraft:stick":2,"minecraft:raw_iron":13,"minecraft:torch":3,"minecraft:gravel":10,"minecraft:pointed_dripstone":1,"minecraft:diorite":7,"minecraft:stone_sword":1,"minecraft:rotten_flesh":1,"minecraft:granite":5,"minecraft:coal":51,"minecraft:mutton":2,"minecraft:cobblestone":174,"minecraft:white_wool":1},"minecraft:used":{"minecraft:cooked_mutton":2,"minecraft:diorite":7,"minecraft:birch_planks":3,"minecraft:stone_pickaxe":224,"minecraft:wooden_pickaxe":59,"minecraft:stone":1,"minecraft:rotten_flesh":1,"minecraft:salmon":2,"minecraft:torch":3,"minecraft:wooden_axe":5,"minecraft:gravel":10,"minecraft:wooden_sword":8,"minecraft:cobblestone":11,"minecraft:furnace":2,"minecraft:andesite":2,"minecraft:cooked_beef":2,"minecraft:pointed_dripstone":1}},"DataVersion":3465}