{"stats":{"minecraft:dropped":{"minecraft:peony":1,"tombstone:grave_dust":2,"minecraft:chainmail_leggings":1,"minecraft:chainmail_helmet":1},"minecraft:custom":{"minecraft:time_since_rest":11443,"minecraft:interact_with_smithing_table":1,"minecraft:interact_with_furnace":7,"minecraft:sprint_one_cm":150225,"minecraft:damage_taken":934,"minecraft:walk_one_cm":70349,"minecraft:trigger_trapped_chest":1,"minecraft:mob_kills":1,"minecraft:drop":5,"minecraft:damage_dealt":430,"minecraft:interact_with_cartography_table":1,"minecraft:swim_one_cm":5999,"minecraft:talked_to_villager":1,"minecraft:fly_one_cm":228432,"minecraft:open_barrel":1,"minecraft:open_chest":6,"minecraft:crouch_one_cm":57,"minecraft:play_time":28709,"minecraft:deaths":3,"minecraft:sneak_time":127,"minecraft:walk_under_water_one_cm":4419,"minecraft:jump":1020,"minecraft:interact_with_blast_furnace":1,"minecraft:walk_on_water_one_cm":12481,"minecraft:time_since_death":20248,"minecraft:sleep_in_bed":1,"minecraft:interact_with_smoker":1,"minecraft:total_world_time":28709,"minecraft:climb_one_cm":2396,"minecraft:fall_one_cm":26273},"minecraft:picked_up":{"minecraft:wither_rose":1,"minecraft:white_bed":3,"minecraft:yellow_bed":1,"minecraft:dirt":3,"tombstone:gift":1,"minecraft:peony":1,"valhelsia_structures:metal_framed_glass_pane":2,"minecraft:beef":7},"minecraft:killed":{"alexsmobs:bison":1},"minecraft:mined":{"minecraft:large_fern":1,"minecraft:white_bed":3,"valhelsia_structures:metal_framed_glass_pane":2,"dynamictrees:spruce_leaves":4,"minecraft:yellow_bed":1,"minecraft:wither_rose":1,"minecraft:grass":2,"minecraft:grass_block":1,"minecraft:vine":1,"minecraft:dirt":2,"minecraft:cake":1},"minecraft:killed_by":{"iceandfire:ghost":1,"minecraft:player":1,"alexsmobs:bison":1},"minecraft:used":{"minecraft:bread":2,"valhelsia_structures:metal_framed_glass_pane":2,"minecraft:dirt":3,"minecraft:beef":7,"minecraft:carrot":4,"tombstone:gift":2,"minecraft:white_bed":1,"minecraft:wither_rose":1}},"DataVersion":3465}