{"stats":{"minecraft:mined":{"minecraft:grass":3,"minecraft:oak_log":1,"minecraft:oak_leaves":4},"minecraft:custom":{"minecraft:jump":141,"minecraft:walk_on_water_one_cm":21,"minecraft:time_since_rest":200,"minecraft:damage_dealt":10,"minecraft:sprint_one_cm":11244,"minecraft:crouch_one_cm":1386,"minecraft:leave_game":1,"minecraft:play_time":4806,"minecraft:damage_taken":260,"minecraft:time_since_death":609,"minecraft:walk_one_cm":12661,"minecraft:sneak_time":265,"minecraft:total_world_time":4806,"minecraft:fall_one_cm":5361,"minecraft:drop":1,"minecraft:fly_one_cm":8896,"minecraft:deaths":1},"minecraft:dropped":{"minecraft:wheat_seeds":1},"minecraft:picked_up":{"minecraft:wheat_seeds":1},"minecraft:used":{"alexsmobs:animal_dictionary":3}},"DataVersion":3465}