{"stats":{"minecraft:killed":{"minecraft:pig":2,"alexsmobs:raccoon":1,"minecraft:sheep":1,"minecraft:zombie":2,"alexsmobs:leafcutter_ant":2,"minecraft:drowned":1,"minecraft:cow":4},"minecraft:killed_by":{"cataclysm:deepling_brute":1,"minecraft:skeleton":1,"minecraft:zombie":1,"alexsmobs:leafcutter_ant":1},"minecraft:mined":{"minecraft:light_gray_stained_glass_pane":4,"minecraft:melon":7,"regions_unexplored:purple_coneflower":1,"minecraft:large_fern":1,"minecraft:birch_planks":11,"minecraft:carrots":3,"regions_unexplored:redwood_leaves":1,"minecraft:grass":6,"minecraft:pitcher_crop":1,"minecraft:beetroots":1,"minecraft:dirt":2,"regions_unexplored:medium_grass":2,"minecraft:cracked_stone_bricks":2,"minecraft:stone_bricks":4,"regions_unexplored:windswept_grass":1,"minecraft:cake":1},"minecraft:crafted":{"minecraft:white_bed":1},"minecraft:picked_up":{"minecraft:wheat":16,"minecraft:leather_chestplate":1,"minecraft:chainmail_boots":1,"minecraft:leather":1,"minecraft:lead":1,"minecraft:wooden_pickaxe":1,"minecraft:filled_map":2,"minecraft:birch_planks":101,"minecraft:potion":5,"minecraft:brick":2,"minecraft:wooden_hoe":1,"minecraft:dirt":24,"minecraft:string":2,"minecraft:red_bed":1,"minecraft:wooden_sword":1,"minecraft:iron_shovel":1,"minecraft:beetroot":1,"minecraft:stone_bricks":3,"minecraft:bow":1,"minecraft:wheat_seeds":2,"minecraft:gold_nugget":5,"minecraft:cooked_chicken":2,"minecraft:beef":6,"minecraft:stone_pickaxe":1,"minecraft:iron_nugget":8,"minecraft:glass_bottle":1,"minecraft:melon_slice":39,"minecraft:pitcher_pod":1,"minecraft:stick":1,"minecraft:torch":1,"minecraft:porkchop":6,"minecraft:sand":1,"tombstone:grave_dust":3,"minecraft:white_bed":1,"minecraft:carrot":10,"alexsmobs:animal_dictionary":1,"regions_unexplored:purple_coneflower":4,"minecraft:rotten_flesh":5,"minecraft:beetroot_seeds":2,"minecraft:stone_axe":2,"minecraft:chainmail_helmet":1,"minecraft:iron_bars":2,"minecraft:white_wool":5},"minecraft:custom":{"minecraft:interact_with_furnace":3,"minecraft:mob_kills":13,"minecraft:interact_with_crafting_table":5,"minecraft:time_since_death":13229,"minecraft:time_since_rest":12054,"minecraft:sprint_one_cm":210983,"minecraft:damage_taken":1469,"minecraft:walk_one_cm":106323,"minecraft:drop":20,"minecraft:damage_dealt":1521,"minecraft:swim_one_cm":30544,"minecraft:fly_one_cm":152963,"minecraft:open_chest":16,"minecraft:crouch_one_cm":1220,"minecraft:play_time":38736,"tombstone:undead_killed":3,"minecraft:deaths":4,"minecraft:sneak_time":642,"minecraft:walk_under_water_one_cm":7704,"minecraft:jump":697,"minecraft:walk_on_water_one_cm":12887,"minecraft:total_world_time":38736,"minecraft:fall_one_cm":11872},"minecraft:dropped":{"minecraft:enchanted_book":1,"minecraft:birch_planks":64,"minecraft:wheat_seeds":2,"minecraft:glass_bottle":3,"minecraft:pitcher_pod":1,"minecraft:rotten_flesh":4,"minecraft:leather":1,"minecraft:beetroot_seeds":2,"regions_unexplored:purple_coneflower":4,"tombstone:grave_dust":2,"minecraft:iron_bars":2,"minecraft:string":2,"minecraft:white_wool":2},"minecraft:used":{"minecraft:beetroot":1,"minecraft:birch_planks":11,"minecraft:stone_pickaxe":12,"minecraft:rotten_flesh":1,"minecraft:torch":1,"minecraft:carrot":13,"minecraft:apple":6,"minecraft:stone_bricks":1,"minecraft:stone_axe":44,"minecraft:wooden_sword":19,"minecraft:potion":2,"tombstone:gift":1}},"DataVersion":3465}