{"stats":{"minecraft:custom":{"minecraft:time_since_rest":28088,"minecraft:interact_with_furnace":12,"minecraft:sprint_one_cm":50420,"minecraft:damage_taken":150,"minecraft:walk_one_cm":79878,"minecraft:mob_kills":8,"minecraft:drop":4,"minecraft:damage_dealt":598,"minecraft:swim_one_cm":6010,"minecraft:interact_with_crafting_table":11,"minecraft:fly_one_cm":66205,"minecraft:crouch_one_cm":1029,"minecraft:play_time":28088,"minecraft:sneak_time":1210,"minecraft:walk_under_water_one_cm":1939,"minecraft:jump":503,"minecraft:walk_on_water_one_cm":2529,"minecraft:time_since_death":28088,"minecraft:total_world_time":28088,"minecraft:fall_one_cm":8509},"minecraft:mined":{"iceandfire:silver_ore":1,"minecraft:furnace":1,"minecraft:iron_ore":6,"minecraft:grass":1,"minecraft:coal_ore":51,"minecraft:gravel":14,"minecraft:copper_ore":8,"minecraft:stone":131,"minecraft:wall_torch":1},"minecraft:killed":{"minecraft:sheep":1,"minecraft:salmon":3,"minecraft:cow":4},"minecraft:used":{"minecraft:cooked_mutton":2,"minecraft:wooden_axe":4,"minecraft:birch_planks":1,"minecraft:stone_pickaxe":141,"minecraft:wooden_pickaxe":59,"minecraft:gravel":10,"minecraft:rotten_flesh":1,"minecraft:torch":1,"minecraft:salmon":2,"minecraft:wooden_sword":8,"minecraft:furnace":2,"minecraft:andesite":2},"minecraft:broken":{"minecraft:wooden_pickaxe":1,"minecraft:stone_pickaxe":1},"minecraft:crafted":{"minecraft:stick":20,"minecraft:iron_ingot":1,"minecraft:stone_pickaxe":3,"minecraft:stone_sword":2,"minecraft:furnace":1,"minecraft:birch_planks":12,"minecraft:air":0,"minecraft:cooked_mutton":2},"minecraft:picked_up":{"minecraft:wooden_axe":1,"minecraft:birch_log":3,"minecraft:stick":2,"minecraft:raw_iron":6,"minecraft:cooked_beef":5,"minecraft:andesite":2,"minecraft:salmon":2,"minecraft:leather":3,"minecraft:torch":1,"minecraft:wooden_pickaxe":1,"minecraft:gravel":10,"minecraft:flint":1,"minecraft:raw_copper":23,"minecraft:wooden_sword":1,"minecraft:stone_sword":1,"minecraft:rotten_flesh":1,"minecraft:wheat_seeds":1,"minecraft:beef":10,"minecraft:mutton":2,"minecraft:coal":51,"minecraft:white_wool":1,"minecraft:cobblestone":114,"minecraft:furnace":1},"minecraft:dropped":{"minecraft:wheat_seeds":1,"minecraft:stone_sword":1,"minecraft:leather":3}},"DataVersion":3465}