{"stats":{"minecraft:killed":{"alexsmobs:skunk":1,"minecraft:salmon":3,"minecraft:creeper":1,"minecraft:skeleton":1,"minecraft:sheep":2,"minecraft:zombie":13,"iceandfire:ghost":1,"minecraft:cow":4},"minecraft:mined":{"iceandfire:silver_ore":1,"minecraft:red_bed":1,"minecraft:torch":1,"minecraft:granite":9,"minecraft:cobblestone":6,"minecraft:copper_ore":12,"minecraft:diorite":8,"minecraft:wall_torch":3,"minecraft:spawner":2,"minecraft:birch_planks":3,"minecraft:furnace":1,"minecraft:carrots":1,"minecraft:iron_ore":59,"minecraft:grass":3,"minecraft:pointed_dripstone":1,"minecraft:coal_ore":63,"minecraft:deepslate_iron_ore":19,"minecraft:gravel":14,"minecraft:dripstone_block":1,"minecraft:dirt":1,"minecraft:stone":201,"minecraft:deepslate":4},"minecraft:killed_by":{"minecraft:player":1,"minecraft:zombie":1},"minecraft:dropped":{"minecraft:birch_planks":4,"minecraft:wheat_seeds":1,"minecraft:cooked_beef":3,"minecraft:stone_sword":1,"minecraft:raw_copper":105,"minecraft:pointed_dripstone":2,"minecraft:feather":1,"minecraft:cobblestone":1,"minecraft:leather":3,"minecraft:granite":7,"minecraft:stick":11,"minecraft:flint":3,"minecraft:wooden_axe":1,"minecraft:leather_boots":1,"minecraft:wooden_sword":1,"minecraft:white_wool":2},"minecraft:broken":{"minecraft:stone_pickaxe":2,"minecraft:wooden_pickaxe":1},"minecraft:custom":{"minecraft:interact_with_furnace":32,"minecraft:mob_kills":26,"minecraft:interact_with_crafting_table":22,"minecraft:leave_game":1,"minecraft:time_since_death":12886,"minecraft:sleep_in_bed":1,"minecraft:climb_one_cm":16,"minecraft:time_since_rest":12725,"minecraft:sprint_one_cm":309734,"minecraft:damage_taken":2533,"minecraft:walk_one_cm":293659,"minecraft:drop":28,"minecraft:damage_dealt":3980,"minecraft:swim_one_cm":7134,"minecraft:fly_one_cm":303134,"minecraft:player_kills":1,"minecraft:open_chest":18,"minecraft:crouch_one_cm":6270,"tombstone:undead_killed":15,"minecraft:play_time":129514,"minecraft:deaths":5,"minecraft:sneak_time":3537,"minecraft:walk_under_water_one_cm":5992,"minecraft:jump":2283,"minecraft:walk_on_water_one_cm":9255,"minecraft:total_world_time":129514,"minecraft:fall_one_cm":55580},"minecraft:crafted":{"minecraft:furnace":1,"minecraft:stone":1,"minecraft:birch_planks":36,"minecraft:stone_axe":1,"minecraft:cooked_mutton":2,"minecraft:air":0,"minecraft:iron_boots":1,"minecraft:iron_chestplate":1,"minecraft:stick":20,"minecraft:iron_ingot":15,"minecraft:stone_pickaxe":4,"minecraft:stone_sword":3,"minecraft:torch":8},"minecraft:picked_up":{"minecraft:wooden_axe":1,"minecraft:birch_log":9,"minecraft:iron_chestplate":1,"minecraft:feather":1,"minecraft:cooked_beef":6,"minecraft:salmon":2,"minecraft:andesite":3,"minecraft:leather":3,"minecraft:wooden_pickaxe":1,"minecraft:birch_planks":4,"minecraft:flint":3,"minecraft:red_bed":1,"minecraft:dirt":1,"minecraft:raw_copper":105,"minecraft:wooden_sword":1,"minecraft:iron_leggings":1,"minecraft:leather_boots":1,"minecraft:wheat_seeds":1,"minecraft:cobbled_deepslate":4,"minecraft:beef":10,"minecraft:iron_pickaxe":1,"minecraft:oak_planks":9,"minecraft:furnace":1,"minecraft:stick":21,"minecraft:raw_iron":79,"minecraft:torch":5,"minecraft:dripstone_block":1,"minecraft:gravel":10,"minecraft:pointed_dripstone":3,"minecraft:diorite":8,"minecraft:carrot":2,"minecraft:stone_sword":1,"minecraft:rotten_flesh":9,"minecraft:iron_helmet":1,"minecraft:granite":11,"minecraft:coal":63,"minecraft:mutton":4,"minecraft:cobblestone":185,"minecraft:white_wool":2},"minecraft:used":{"minecraft:cooked_mutton":2,"minecraft:diorite":8,"minecraft:stone_sword":98,"minecraft:birch_planks":5,"minecraft:stone_pickaxe":333,"minecraft:baked_potato":2,"minecraft:wooden_pickaxe":59,"minecraft:stone":1,"minecraft:rotten_flesh":8,"minecraft:salmon":2,"minecraft:torch":13,"minecraft:dirt":1,"minecraft:red_bed":1,"minecraft:carrot":9,"minecraft:dripstone_block":1,"minecraft:granite":4,"minecraft:wooden_axe":6,"minecraft:gravel":10,"minecraft:stone_axe":2,"minecraft:wooden_sword":8,"minecraft:cobblestone":154,"minecraft:furnace":2,"minecraft:andesite":3,"tombstone:gift":2,"minecraft:cooked_beef":3,"minecraft:cobbled_deepslate":4,"minecraft:pointed_dripstone":1}},"DataVersion":3465}