{"stats":{"minecraft:mined":{"minecraft:white_bed":5,"minecraft:purple_candle":1,"minecraft:grass_block":2,"luminousworld:grassvariant_2":3,"minecraft:tall_grass":6,"luminousworld:sunset_petunias":2,"minecraft:mud":1,"minecraft:beehive":1,"minecraft:grass":17,"minecraft:dirt_path":4,"minecraft:dirt":5},"minecraft:picked_up":{"minecraft:mud":1,"minecraft:crafting_table":1,"minecraft:iron_chestplate":1,"minecraft:wheat":1,"minecraft:allium":2,"minecraft:clay_ball":3,"minecraft:leather":6,"minecraft:diamond_sword":1,"minecraft:birch_planks":20,"luminousworld:raw_venison":1,"minecraft:dirt":27,"minecraft:string":1,"minecraft:iron_leggings":1,"minecraft:armor_stand":2,"minecraft:item_frame":1,"minecraft:wheat_seeds":5,"minecraft:beef":8,"minecraft:light_gray_wool":1,"minecraft:iron_boots":1,"iceandfire:pixie_dust":1,"ecologics:coconut_slice":4,"minecraft:dandelion":1,"luminousworld:sunset_petunias":1,"minecraft:porkchop":3,"tombstone:grave_dust":2,"minecraft:white_bed":5,"minecraft:spider_eye":1,"minecraft:purple_candle":1,"minecraft:rotten_flesh":5,"minecraft:slime_ball":3,"minecraft:iron_helmet":1,"born_in_chaos_v1:spiny_shell":4,"minecraft:emerald":2,"supplementaries:ash":1,"minecraft:mutton":10,"undead_revamp2:arapholia":1,"minecraft:white_wool":7,"minecraft:cobblestone":1,"minecraft:diamond_pickaxe":1},"minecraft:crafted":{"minecraft:iron_sword":1,"minecraft:iron_chestplate":1,"minecraft:stick":4,"minecraft:iron_pickaxe":1},"minecraft:killed":{"luminousworld:deer":1,"minecraft:pig":1,"minecraft:zombie_villager":2,"naturalist:butterfly":1,"enemyexpansion:equestrian":1,"luminousworld:fawn":1,"earthmobsmod:cream_cow":1,"naturalist:snail":1,"minecraft:sheep":7,"minecraft:bee":1,"ecologics:squirrel":1,"takesapillage:clay_golem":1,"earthmobsmod:albino_cow":3},"minecraft:custom":{"minecraft:mob_kills":22,"minecraft:interact_with_crafting_table":3,"minecraft:leave_game":2,"minecraft:time_since_death":24326,"minecraft:sleep_in_bed":2,"minecraft:climb_one_cm":751,"minecraft:time_since_rest":7941,"minecraft:sprint_one_cm":271503,"minecraft:damage_taken":2017,"minecraft:walk_one_cm":85280,"minecraft:drop":37,"minecraft:damage_dealt":3209,"minecraft:swim_one_cm":26725,"minecraft:talked_to_villager":4,"minecraft:fly_one_cm":326756,"minecraft:open_chest":17,"minecraft:crouch_one_cm":1383,"minecraft:play_time":49028,"tombstone:undead_killed":3,"minecraft:deaths":6,"minecraft:sneak_time":709,"minecraft:walk_under_water_one_cm":2078,"minecraft:jump":1577,"minecraft:walk_on_water_one_cm":15193,"minecraft:total_world_time":49028,"minecraft:fall_one_cm":37110},"minecraft:killed_by":{"minecraft:skeleton":1,"minecraft:zombie":2,"earthmobsmod:skeleton_wolf":1,"minecraft:drowned":1,"minecraft:bee":1},"minecraft:dropped":{"minecraft:wheat_seeds":5,"ecologics:coconut_slice":1,"minecraft:wheat":1,"undead_revamp2:arapholia":1,"minecraft:clay_ball":3,"minecraft:rotten_flesh":5,"minecraft:leather":6,"supplementaries:ash":1,"minecraft:dirt":16,"minecraft:allium":2,"tombstone:grave_key":1,"ecologics:coconut_husk":3,"tombstone:grave_dust":5,"minecraft:spider_eye":1,"minecraft:slime_ball":3,"minecraft:string":1,"minecraft:dandelion":1},"minecraft:used":{"minecraft:purple_candle":1,"minecraft:birch_planks":18,"minecraft:armor_stand":1,"minecraft:iron_sword":90,"minecraft:white_wool":2,"minecraft:iron_chestplate":1,"minecraft:dirt":11,"minecraft:mutton":3,"iceandfire:pixie_dust":1,"minecraft:white_bed":4,"minecraft:mud":1,"minecraft:apple":7,"minecraft:bread":4,"minecraft:iron_helmet":1,"minecraft:iron_boots":4,"minecraft:item_frame":1,"ecologics:coconut_slice":3,"minecraft:light_gray_wool":1,"luminousworld:sunset_petunias":1,"minecraft:cobblestone":1,"minecraft:beef":8,"minecraft:porkchop":3,"tombstone:gift":4,"minecraft:iron_leggings":1}},"DataVersion":3465}