{"stats":{"minecraft:dropped":{"minecraft:leather_chestplate":1,"minecraft:wheat_seeds":1,"minecraft:glass_bottle":2,"minecraft:red_mushroom":3},"minecraft:crafted":{"minecraft:wooden_sword":1,"regions_unexplored:redwood_planks":8,"minecraft:gold_nugget":9,"minecraft:iron_nugget":18,"minecraft:crafting_table":1,"minecraft:stick":4},"minecraft:picked_up":{"minecraft:cooked_beef":2,"minecraft:leather_chestplate":1,"minecraft:torch":2,"minecraft:birch_planks":7,"minecraft:potion":1,"minecraft:diorite":2,"minecraft:red_bed":3,"minecraft:bone":8,"minecraft:arrow":9,"minecraft:rotten_flesh":10,"minecraft:stone_bricks":8,"minecraft:cracked_stone_bricks":2,"minecraft:wheat_seeds":2,"minecraft:sugar_cane":9,"minecraft:iron_bars":3,"regions_unexplored:redwood_log":2},"minecraft:killed_by":{"cataclysm:deepling_brute":3,"minecraft:skeleton":7,"minecraft:zombie":16},"minecraft:killed":{"minecraft:skeleton":2,"minecraft:zombie":4},"minecraft:used":{"minecraft:iron_bars":3,"minecraft:apple":3,"minecraft:iron_shovel":1,"minecraft:birch_planks":27,"minecraft:baked_potato":2,"minecraft:wooden_pickaxe":17,"minecraft:sugar_cane":9,"minecraft:stone_bricks":61,"minecraft:stone_axe":13,"minecraft:torch":9,"minecraft:wooden_sword":59,"minecraft:potion":1,"minecraft:crafting_table":1,"minecraft:red_bed":3,"alexsmobs:animal_dictionary":1,"minecraft:potato":9},"minecraft:custom":{"minecraft:time_since_rest":949,"minecraft:interact_with_furnace":1,"minecraft:sprint_one_cm":162571,"minecraft:damage_taken":7240,"minecraft:walk_one_cm":73830,"minecraft:mob_kills":7,"minecraft:drop":4,"minecraft:damage_dealt":1875,"minecraft:swim_one_cm":15577,"minecraft:interact_with_crafting_table":1,"minecraft:fly_one_cm":73169,"minecraft:open_chest":30,"minecraft:crouch_one_cm":7152,"minecraft:play_time":29351,"tombstone:undead_killed":6,"minecraft:deaths":26,"minecraft:sneak_time":2018,"minecraft:walk_under_water_one_cm":1750,"minecraft:jump":286,"minecraft:walk_on_water_one_cm":2694,"minecraft:time_since_death":1139,"minecraft:total_world_time":29351,"minecraft:fall_one_cm":3494},"minecraft:broken":{"minecraft:wooden_sword":1,"minecraft:leather_chestplate":1},"minecraft:mined":{"minecraft:large_fern":2,"minecraft:birch_planks":8,"minecraft:lime_bed":1,"minecraft:red_bed":3,"minecraft:grass":2,"minecraft:iron_bars":2,"minecraft:cracked_stone_bricks":2,"minecraft:stone_bricks":10,"regions_unexplored:redwood_log":2,"minecraft:sugar_cane":3,"minecraft:diorite":2,"minecraft:wall_torch":2,"minecraft:fern":2}},"DataVersion":3465}