{"stats":{"minecraft:crafted":{"minecraft:bread":15,"minecraft:wheat":45},"minecraft:dropped":{"minecraft:wheat_seeds":3,"tombstone:grave_key":3,"iceandfire:pixie_dust":1,"tombstone:gift":1,"minecraft:leather":1,"minecraft:stick":10},"minecraft:custom":{"minecraft:time_since_rest":13253,"minecraft:interact_with_furnace":5,"minecraft:sprint_one_cm":150793,"minecraft:damage_taken":1565,"minecraft:walk_one_cm":56215,"minecraft:trigger_trapped_chest":1,"minecraft:mob_kills":1,"minecraft:drop":10,"minecraft:damage_dealt":376,"minecraft:swim_one_cm":10923,"minecraft:interact_with_crafting_table":1,"minecraft:talked_to_villager":1,"minecraft:fly_one_cm":205081,"minecraft:player_kills":1,"minecraft:open_chest":3,"minecraft:crouch_one_cm":3047,"minecraft:play_time":30927,"tombstone:undead_killed":1,"minecraft:deaths":4,"minecraft:sneak_time":1146,"minecraft:walk_under_water_one_cm":7306,"minecraft:jump":892,"minecraft:interact_with_blast_furnace":1,"minecraft:leave_game":1,"minecraft:walk_on_water_one_cm":11291,"minecraft:time_since_death":23259,"minecraft:sleep_in_bed":1,"minecraft:climb_one_cm":3380,"minecraft:total_world_time":30927,"minecraft:fall_one_cm":15900,"minecraft:horse_one_cm":3577},"minecraft:picked_up":{"iceandfire:pixie_dust":2,"minecraft:stick":10,"minecraft:leather":1,"iceandfire:pixie_house_mushroom_brown":3,"minecraft:brown_bed":2,"tombstone:grave_key":1,"tombstone:grave_dust":2,"minecraft:dirt":2,"iceandfire:pixie_house_mushroom_red":1,"iceandfire:pixie_house_spruce":1,"minecraft:wheat_seeds":3,"minecraft:chainmail_leggings":1,"minecraft:hay_block":5,"minecraft:beef":9,"minecraft:dark_oak_sign":2,"minecraft:chainmail_helmet":1,"minecraft:bread":3,"minecraft:melon_slice":8,"minecraft:dark_oak_stairs":1},"minecraft:killed":{"iceandfire:ghost":1},"minecraft:mined":{"minecraft:large_fern":2,"minecraft:hay_block":6,"valhelsia_structures:metal_framed_glass_pane":1,"iceandfire:pixie_house_mushroom_red":1,"minecraft:peony":1,"minecraft:dark_oak_stairs":1,"minecraft:brown_bed":2,"minecraft:grass":6,"iceandfire:pixie_house_mushroom_brown":2,"minecraft:grass_block":1,"minecraft:melon":2,"iceandfire:pixie_house_spruce":1,"minecraft:tall_grass":1},"minecraft:killed_by":{"alexsmobs:bison":4},"minecraft:used":{"minecraft:dark_oak_stairs":1,"minecraft:melon_slice":8,"minecraft:bread":3,"minecraft:dark_oak_sign":2,"minecraft:dirt":2,"minecraft:beef":1,"iceandfire:pixie_dust":1,"minecraft:carrot":5,"minecraft:brown_bed":1}},"DataVersion":3465}