{"stats":{"minecraft:crafted":{"minecraft:bread":15,"minecraft:wheat":45},"minecraft:dropped":{"minecraft:wheat_seeds":2,"tombstone:grave_key":3,"tombstone:gift":1},"minecraft:custom":{"minecraft:time_since_rest":7840,"minecraft:interact_with_furnace":5,"minecraft:sprint_one_cm":80299,"minecraft:damage_taken":1528,"minecraft:walk_one_cm":26858,"minecraft:trigger_trapped_chest":1,"minecraft:mob_kills":1,"minecraft:drop":6,"minecraft:damage_dealt":293,"minecraft:swim_one_cm":8349,"minecraft:interact_with_crafting_table":1,"minecraft:talked_to_villager":1,"minecraft:fly_one_cm":112522,"minecraft:player_kills":1,"minecraft:open_chest":3,"minecraft:crouch_one_cm":1218,"minecraft:play_time":17117,"tombstone:undead_killed":1,"minecraft:deaths":4,"minecraft:sneak_time":469,"minecraft:walk_under_water_one_cm":5789,"minecraft:jump":450,"minecraft:interact_with_blast_furnace":1,"minecraft:walk_on_water_one_cm":5202,"minecraft:time_since_death":9449,"minecraft:climb_one_cm":2782,"minecraft:total_world_time":17117,"minecraft:fall_one_cm":7078,"minecraft:horse_one_cm":3577},"minecraft:picked_up":{"minecraft:brown_bed":1,"tombstone:grave_key":1,"tombstone:grave_dust":2,"minecraft:wheat_seeds":2,"minecraft:chainmail_leggings":1,"minecraft:hay_block":5,"minecraft:beef":7,"minecraft:dark_oak_sign":2,"minecraft:chainmail_helmet":1,"minecraft:bread":3,"minecraft:melon_slice":8},"minecraft:killed":{"iceandfire:ghost":1},"minecraft:mined":{"minecraft:hay_block":6,"valhelsia_structures:metal_framed_glass_pane":1,"minecraft:brown_bed":1,"minecraft:grass":6,"minecraft:melon":2,"minecraft:tall_grass":1},"minecraft:killed_by":{"alexsmobs:bison":4},"minecraft:used":{"minecraft:melon_slice":8,"minecraft:bread":1,"minecraft:dark_oak_sign":2,"minecraft:beef":1}},"DataVersion":3465}