{"stats":{"minecraft:killed":{"minecraft:pig":2,"alexsmobs:seal":1,"minecraft:sheep":3,"minecraft:skeleton":2,"minecraft:zombie":4,"minecraft:cow":1},"minecraft:killed_by":{"cataclysm:deepling_brute":3,"minecraft:skeleton":7,"minecraft:zombie":16},"minecraft:broken":{"minecraft:wooden_sword":1,"minecraft:leather_chestplate":1},"minecraft:mined":{"minecraft:red_bed":4,"minecraft:sugar_cane":3,"minecraft:diorite":2,"minecraft:sandstone":1,"minecraft:wall_torch":2,"minecraft:large_fern":2,"minecraft:birch_planks":8,"minecraft:lime_bed":1,"regions_unexplored:sandy_grass":1,"minecraft:grass":3,"minecraft:iron_bars":2,"minecraft:sand":7,"minecraft:dirt":2,"regions_unexplored:medium_grass":1,"minecraft:cracked_stone_bricks":2,"minecraft:stone_bricks":10,"regions_unexplored:redwood_log":2,"minecraft:fern":2},"minecraft:crafted":{"minecraft:wooden_sword":1,"minecraft:iron_nugget":18,"minecraft:crafting_table":2,"minecraft:iron_sword":1,"minecraft:cooked_mutton":4,"minecraft:air":0,"regions_unexplored:redwood_planks":8,"minecraft:gold_nugget":9,"minecraft:shield":1,"minecraft:stick":8,"minecraft:iron_ingot":6,"minecraft:iron_pickaxe":1,"minecraft:gold_ingot":5,"minecraft:white_bed":1,"minecraft:bricks":11},"minecraft:picked_up":{"minecraft:coarse_dirt":4,"minecraft:leather_chestplate":1,"minecraft:cooked_beef":2,"minecraft:leather":1,"minecraft:birch_planks":17,"minecraft:filled_map":1,"minecraft:potion":1,"minecraft:dirt":35,"minecraft:red_bed":4,"minecraft:cooked_salmon":4,"minecraft:bone":8,"minecraft:stone_bricks":8,"minecraft:cracked_stone_bricks":3,"minecraft:wheat_seeds":4,"minecraft:beef":3,"minecraft:sugar_cane":9,"regions_unexplored:redwood_log":2,"minecraft:torch":2,"minecraft:diorite":2,"minecraft:arrow":9,"minecraft:rotten_flesh":10,"minecraft:mutton":5,"minecraft:iron_bars":3,"minecraft:white_wool":2},"minecraft:custom":{"minecraft:interact_with_furnace":4,"minecraft:mob_kills":14,"minecraft:interact_with_crafting_table":10,"minecraft:time_since_death":5501,"minecraft:climb_one_cm":28,"minecraft:time_since_rest":5022,"minecraft:sprint_one_cm":207015,"minecraft:damage_taken":7445,"minecraft:walk_one_cm":91134,"minecraft:drop":18,"minecraft:damage_dealt":2590,"minecraft:swim_one_cm":24073,"minecraft:fly_one_cm":153839,"minecraft:open_chest":33,"minecraft:crouch_one_cm":8473,"minecraft:play_time":41093,"tombstone:undead_killed":6,"minecraft:deaths":27,"minecraft:sneak_time":2680,"minecraft:walk_under_water_one_cm":9869,"minecraft:jump":566,"minecraft:walk_on_water_one_cm":5371,"minecraft:total_world_time":41093,"minecraft:fall_one_cm":10925},"minecraft:dropped":{"minecraft:wheat_seeds":4,"minecraft:iron_nugget":8,"minecraft:coarse_dirt":4,"minecraft:glass_bottle":2,"minecraft:white_bed":1,"minecraft:red_mushroom":3,"minecraft:stick":1,"minecraft:filled_map":2,"minecraft:dirt":35,"minecraft:leather_chestplate":1,"minecraft:cooked_salmon":4,"tombstone:grave_dust":1,"minecraft:gold_nugget":5,"minecraft:white_wool":1,"minecraft:brick":2},"minecraft:used":{"minecraft:iron_bars":3,"minecraft:iron_shovel":8,"minecraft:birch_planks":27,"minecraft:baked_potato":2,"minecraft:wooden_pickaxe":18,"minecraft:sugar_cane":9,"minecraft:torch":9,"minecraft:dirt":14,"minecraft:crafting_table":2,"minecraft:red_bed":3,"minecraft:apple":5,"minecraft:stone_bricks":61,"minecraft:stone_axe":28,"minecraft:wooden_sword":59,"minecraft:bow":2,"minecraft:potion":1,"alexsmobs:animal_dictionary":1,"minecraft:potato":9}},"DataVersion":3465}