{"stats":{"minecraft:killed":{"minecraft:pig":2,"alexsmobs:seal":1,"alexsmobs:sugar_glider":1,"minecraft:sheep":3,"minecraft:skeleton":4,"alexsmobs:blue_jay":1,"minecraft:zombie":5,"minecraft:cow":1},"minecraft:killed_by":{"cataclysm:deepling_brute":3,"minecraft:skeleton":11,"minecraft:creeper":1,"minecraft:zombie":17,"alexsmobs:grizzly_bear":1},"minecraft:broken":{"minecraft:wooden_sword":1,"minecraft:leather_chestplate":1},"minecraft:mined":{"minecraft:white_bed":1,"minecraft:red_bed":6,"minecraft:mossy_stone_brick_slab":1,"minecraft:emerald_ore":5,"minecraft:tall_grass":1,"minecraft:sugar_cane":26,"minecraft:diorite":2,"minecraft:sandstone":1,"minecraft:wall_torch":2,"minecraft:large_fern":2,"minecraft:birch_planks":8,"minecraft:lime_bed":1,"minecraft:gold_block":1,"regions_unexplored:sandy_grass":1,"regions_unexplored:oak_shrub":1,"minecraft:grass":5,"minecraft:iron_bars":7,"minecraft:sand":67,"minecraft:dirt":2,"regions_unexplored:medium_grass":1,"minecraft:cracked_stone_bricks":2,"minecraft:stone":1,"minecraft:stone_bricks":10,"regions_unexplored:redwood_log":2,"minecraft:fern":5},"minecraft:picked_up":{"minecraft:wheat":16,"minecraft:coarse_dirt":4,"minecraft:leather_chestplate":1,"minecraft:feather":3,"minecraft:cooked_beef":2,"minecraft:leather":1,"minecraft:gold_block":1,"minecraft:potato":9,"minecraft:birch_planks":76,"minecraft:filled_map":1,"minecraft:potion":1,"minecraft:cobblestone_stairs":2,"minecraft:dirt":37,"minecraft:red_bed":6,"minecraft:cooked_salmon":4,"minecraft:bone":8,"minecraft:stone_bricks":10,"minecraft:cracked_stone_bricks":3,"minecraft:wheat_seeds":6,"minecraft:gold_nugget":5,"minecraft:beef":3,"minecraft:sugar_cane":47,"regions_unexplored:redwood_log":2,"minecraft:stick":1,"minecraft:torch":2,"minecraft:sand":61,"regions_unexplored:hyssop":2,"minecraft:diorite":2,"minecraft:white_bed":2,"minecraft:mossy_stone_brick_slab":1,"alexsmobs:animal_dictionary":1,"minecraft:arrow":9,"minecraft:rotten_flesh":13,"minecraft:golden_apple":1,"minecraft:emerald":4,"minecraft:mutton":5,"minecraft:iron_bars":8,"minecraft:white_wool":2,"minecraft:cobblestone":1},"minecraft:crafted":{"minecraft:cooked_beef":12,"minecraft:wooden_sword":1,"minecraft:bone_block":6,"minecraft:iron_nugget":18,"minecraft:crafting_table":3,"minecraft:baked_potato":10,"minecraft:iron_sword":1,"minecraft:bucket":1,"minecraft:bone_meal":60,"minecraft:bread":26,"minecraft:cooked_mutton":8,"minecraft:air":0,"regions_unexplored:redwood_planks":8,"minecraft:gold_nugget":9,"minecraft:shield":1,"minecraft:stick":8,"minecraft:iron_ingot":6,"minecraft:iron_pickaxe":1,"minecraft:gold_ingot":14,"minecraft:white_bed":1,"minecraft:bricks":11},"minecraft:custom":{"minecraft:interact_with_furnace":21,"minecraft:mob_kills":19,"minecraft:interact_with_crafting_table":16,"minecraft:time_since_death":917,"minecraft:sleep_in_bed":2,"minecraft:climb_one_cm":162,"minecraft:time_since_rest":488,"minecraft:sprint_one_cm":372426,"minecraft:damage_taken":9778,"minecraft:walk_one_cm":147467,"minecraft:damage_blocked_by_shield":15,"minecraft:drop":37,"minecraft:damage_dealt":3721,"minecraft:player_kills":1,"minecraft:swim_one_cm":39017,"minecraft:fly_one_cm":384492,"minecraft:open_chest":46,"minecraft:crouch_one_cm":11076,"minecraft:play_time":77093,"tombstone:undead_killed":9,"minecraft:deaths":34,"minecraft:sneak_time":3536,"minecraft:walk_under_water_one_cm":26261,"minecraft:jump":1516,"minecraft:walk_on_water_one_cm":16860,"minecraft:total_world_time":77093,"minecraft:fall_one_cm":33531},"minecraft:dropped":{"minecraft:wheat_seeds":5,"alexsmobs:animal_dictionary":2,"minecraft:iron_nugget":8,"minecraft:coarse_dirt":4,"minecraft:glass_bottle":2,"minecraft:wheat":2,"minecraft:rotten_flesh":3,"minecraft:feather":3,"minecraft:mossy_stone_brick_slab":1,"minecraft:cracked_stone_bricks":1,"minecraft:white_bed":1,"minecraft:red_mushroom":3,"minecraft:stick":2,"minecraft:cobblestone_stairs":2,"minecraft:filled_map":2,"minecraft:dirt":47,"minecraft:leather_chestplate":1,"minecraft:cooked_salmon":4,"minecraft:bone_meal":6,"tombstone:grave_dust":1,"minecraft:stone_bricks":2,"minecraft:sand":1,"minecraft:gold_nugget":10,"minecraft:wooden_pickaxe":1,"minecraft:white_wool":1,"minecraft:brick":2},"minecraft:used":{"minecraft:cooked_mutton":6,"minecraft:water_bucket":49,"minecraft:iron_bars":8,"minecraft:iron_shovel":64,"minecraft:birch_planks":55,"minecraft:baked_potato":2,"minecraft:shield":1,"minecraft:wooden_pickaxe":18,"minecraft:iron_sword":34,"minecraft:sugar_cane":47,"minecraft:torch":18,"minecraft:dirt":14,"minecraft:sand":60,"minecraft:crafting_table":3,"minecraft:red_bed":5,"minecraft:white_bed":2,"minecraft:apple":7,"minecraft:bricks":11,"minecraft:iron_pickaxe":13,"minecraft:cobblestone":1,"minecraft:stone_bricks":61,"minecraft:stone_axe":28,"minecraft:wooden_sword":59,"minecraft:bow":2,"minecraft:potion":1,"minecraft:bucket":50,"alexsmobs:animal_dictionary":1,"minecraft:potato":9}},"DataVersion":3465}