{"stats":{"minecraft:crafted":{"minecraft:bread":15,"minecraft:wheat":45},"minecraft:dropped":{"minecraft:wheat_seeds":3,"tombstone:grave_key":3,"tombstone:gift":1,"iceandfire:pixie_dust":1,"minecraft:leather":1,"minecraft:stick":10},"minecraft:custom":{"minecraft:time_since_rest":96,"minecraft:interact_with_furnace":5,"minecraft:sprint_one_cm":180999,"minecraft:damage_taken":1958,"minecraft:walk_one_cm":71472,"minecraft:trigger_trapped_chest":1,"minecraft:mob_kills":1,"minecraft:drop":10,"minecraft:damage_dealt":421,"minecraft:interact_with_crafting_table":1,"minecraft:player_kills":2,"minecraft:swim_one_cm":27098,"minecraft:talked_to_villager":1,"minecraft:fly_one_cm":266466,"minecraft:open_chest":5,"minecraft:crouch_one_cm":3047,"minecraft:play_time":39627,"tombstone:undead_killed":1,"minecraft:deaths":5,"minecraft:sneak_time":1185,"minecraft:walk_under_water_one_cm":10129,"minecraft:jump":1132,"minecraft:interact_with_blast_furnace":1,"minecraft:leave_game":1,"minecraft:time_since_death":2495,"minecraft:walk_on_water_one_cm":13865,"minecraft:sleep_in_bed":2,"minecraft:total_world_time":39627,"minecraft:climb_one_cm":3380,"minecraft:fall_one_cm":24078,"minecraft:horse_one_cm":3577},"minecraft:picked_up":{"iceandfire:pixie_dust":2,"minecraft:stick":10,"minecraft:leather":1,"iceandfire:pixie_house_mushroom_brown":3,"minecraft:brown_bed":3,"tombstone:grave_key":1,"tombstone:grave_dust":2,"minecraft:carrot":4,"minecraft:dirt":2,"iceandfire:pixie_house_mushroom_red":1,"iceandfire:pixie_house_spruce":1,"minecraft:wheat_seeds":3,"minecraft:chainmail_leggings":1,"minecraft:hay_block":5,"minecraft:beef":9,"minecraft:dark_oak_sign":2,"minecraft:bread":3,"minecraft:chainmail_helmet":1,"minecraft:melon_slice":8,"minecraft:dark_oak_stairs":1},"minecraft:killed":{"iceandfire:ghost":1},"minecraft:mined":{"minecraft:large_fern":2,"minecraft:hay_block":6,"valhelsia_structures:metal_framed_glass_pane":1,"iceandfire:pixie_house_mushroom_red":1,"minecraft:peony":1,"minecraft:dark_oak_stairs":1,"minecraft:brown_bed":3,"minecraft:grass":6,"iceandfire:pixie_house_mushroom_brown":2,"minecraft:grass_block":1,"minecraft:melon":2,"iceandfire:pixie_house_spruce":1,"minecraft:tall_grass":1},"minecraft:killed_by":{"alexsmobs:bison":4,"minecraft:skeleton":1},"minecraft:used":{"minecraft:dark_oak_stairs":1,"minecraft:leather_leggings":1,"minecraft:melon_slice":8,"minecraft:bread":7,"minecraft:dark_oak_sign":2,"minecraft:dirt":2,"minecraft:beef":1,"iceandfire:pixie_dust":1,"minecraft:carrot":5,"minecraft:brown_bed":2}},"DataVersion":3465}