{"stats":{"minecraft:killed_by":{"minecraft:player":2,"minecraft:wither_skeleton":1,"minecraft:stray":4,"minecraft:creeper":2,"minecraft:skeleton":1,"minecraft:zombie":11,"iceandfire:ghost":1},"minecraft:crafted":{"minecraft:wooden_sword":2,"minecraft:furnace":7,"minecraft:cooked_mutton":6,"minecraft:iron_bars":16,"minecraft:iron_boots":2,"minecraft:iron_axe":2,"minecraft:stone_pickaxe":6,"minecraft:chest":5,"minecraft:cooked_beef":5,"minecraft:crafting_table":1,"minecraft:wooden_pickaxe":3,"minecraft:iron_helmet":2,"minecraft:birch_planks":100,"minecraft:air":0,"minecraft:iron_chestplate":1,"minecraft:stick":36,"minecraft:iron_pickaxe":5,"minecraft:iron_ingot":122,"minecraft:wooden_axe":2,"minecraft:stone_sword":2,"minecraft:gold_ingot":23,"minecraft:iron_leggings":2,"minecraft:white_bed":1,"minecraft:torch":132},"minecraft:killed":{"minecraft:spider":12,"minecraft:skeleton":8,"alexsmobs:blue_jay":1,"alexsmobs:bison":1,"alexsmobs:rocky_roller":1,"alexsmobs:skunk":1,"minecraft:creeper":3,"minecraft:sheep":3,"minecraft:zombie":33,"iceandfire:ghost":1,"alexsmobs:terrapin":1,"minecraft:stray":14,"minecraft:wither_skeleton":25,"minecraft:cow":4},"minecraft:custom":{"minecraft:mob_kills":113,"minecraft:interact_with_crafting_table":19,"minecraft:open_barrel":2,"minecraft:eat_cake_slice":5,"minecraft:leave_game":2,"minecraft:time_since_death":26835,"minecraft:climb_one_cm":5710,"minecraft:sprint_one_cm":818948,"minecraft:walk_one_cm":323239,"minecraft:damage_blocked_by_shield":1965,"minecraft:drop":157,"minecraft:play_time":205820,"minecraft:sneak_time":8934,"minecraft:deaths":23,"minecraft:walk_under_water_one_cm":3462,"minecraft:jump":3379,"minecraft:walk_on_water_one_cm":10402,"minecraft:total_world_time":205820,"minecraft:interact_with_furnace":57,"minecraft:sleep_in_bed":4,"minecraft:time_since_rest":11255,"minecraft:damage_taken":9723,"minecraft:trigger_trapped_chest":2,"minecraft:damage_dealt":20107,"minecraft:player_kills":1,"minecraft:swim_one_cm":8849,"minecraft:fly_one_cm":638237,"minecraft:crouch_one_cm":23634,"minecraft:open_chest":126,"tombstone:undead_killed":81,"minecraft:fall_one_cm":68978},"minecraft:picked_up":{"minecraft:iron_chestplate":2,"minecraft:crafting_table":3,"minecraft:allium":1,"minecraft:chainmail_boots":2,"iceandfire:witherbone":19,"minecraft:leather_leggings":2,"minecraft:cooked_rabbit":2,"minecraft:gold_block":2,"minecraft:shield":2,"minecraft:string":24,"minecraft:red_bed":4,"minecraft:raw_copper":35,"minecraft:iron_axe":1,"minecraft:iron_leggings":1,"minecraft:iron_shovel":1,"minecraft:cracked_stone_bricks":5,"minecraft:deepslate_tiles":1,"minecraft:cobbled_deepslate":5,"minecraft:beef":25,"minecraft:iron_pickaxe":1,"minecraft:melon_slice":18,"minecraft:iron_boots":1,"minecraft:furnace":4,"minecraft:golden_helmet":4,"minecraft:tipped_arrow":3,"minecraft:stick":40,"minecraft:raw_iron":73,"minecraft:torch":11,"minecraft:spruce_stairs":1,"minecraft:pointed_dripstone":6,"tombstone:grave_dust":10,"minecraft:diorite":42,"minecraft:golden_chestplate":1,"minecraft:arrow":110,"minecraft:rotten_flesh":51,"minecraft:hay_block":12,"tombstone:essence_of_undeath":1,"minecraft:mutton":4,"minecraft:iron_bars":34,"minecraft:white_wool":5,"minecraft:cobblestone":301,"minecraft:birch_log":25,"minecraft:feather":3,"minecraft:cooked_beef":14,"minecraft:iron_door":1,"minecraft:andesite":27,"minecraft:leather":4,"minecraft:golden_leggings":1,"minecraft:birch_planks":10,"alexsmobs:bison_fur":3,"minecraft:flint":1,"minecraft:chainmail_chestplate":1,"minecraft:gunpowder":2,"minecraft:lapis_lazuli":9,"minecraft:dirt":18,"minecraft:leather_boots":2,"minecraft:bone":58,"minecraft:stone_bricks":4,"minecraft:bow":3,"minecraft:wheat_seeds":1,"minecraft:raw_gold":23,"minecraft:iron_ingot":3,"dynamictrees:birch_seed":9,"minecraft:mossy_stone_bricks":13,"minecraft:diamond_helmet":1,"minecraft:pitcher_pod":2,"minecraft:oak_planks":11,"minecraft:pitcher_plant":1,"minecraft:pumpkin":2,"minecraft:dripstone_block":2,"minecraft:gravel":2,"minecraft:white_bed":6,"minecraft:spider_eye":4,"minecraft:mossy_cobblestone":12,"minecraft:leather_helmet":1,"minecraft:bundle":1,"minecraft:diamond_shovel":3,"minecraft:chainmail_leggings":1,"minecraft:granite":29,"minecraft:golden_apple":1,"minecraft:spruce_sign":4,"minecraft:chainmail_helmet":1,"tombstone:magic_scroll":1,"minecraft:coal":64},"minecraft:mined":{"minecraft:deepslate_tiles":1,"minecraft:stone_pressure_plate":1,"minecraft:white_bed":7,"minecraft:light_gray_stained_glass_pane":2,"minecraft:mossy_cobblestone":14,"minecraft:granite":22,"minecraft:grass_block":6,"minecraft:spawner":20,"minecraft:hay_block":12,"minecraft:furnace":4,"dynamictrees:dark_oak_leaves":1,"minecraft:iron_ore":53,"minecraft:andesite":28,"minecraft:pumpkin":2,"minecraft:gold_block":2,"minecraft:pointed_dripstone":2,"minecraft:deepslate_iron_ore":9,"minecraft:vine":5,"minecraft:iron_bars":19,"minecraft:stone":286,"minecraft:red_bed":3,"minecraft:crafting_table":3,"minecraft:torch":5,"minecraft:melon":4,"minecraft:tall_grass":2,"minecraft:cobblestone":24,"minecraft:deepslate_gold_ore":19,"minecraft:lapis_ore":2,"minecraft:oak_planks":20,"minecraft:diorite":50,"minecraft:iron_door":1,"minecraft:wall_torch":5,"minecraft:spruce_stairs":1,"minecraft:birch_planks":7,"minecraft:pitcher_plant":1,"minecraft:grass":9,"minecraft:coal_ore":17,"minecraft:pitcher_crop":2,"minecraft:gravel":2,"minecraft:dripstone_block":1,"minecraft:dirt":12,"minecraft:cobweb":2,"minecraft:cracked_stone_bricks":5,"minecraft:stone_bricks":7,"minecraft:polished_andesite":1,"minecraft:mossy_stone_bricks":16,"minecraft:gold_ore":4,"minecraft:deepslate":5},"minecraft:used":{"minecraft:stone_sword":55,"minecraft:iron_bars":16,"minecraft:iron_shovel":5,"minecraft:chest":5,"minecraft:shield":23,"minecraft:iron_sword":375,"minecraft:rotten_flesh":34,"minecraft:torch":132,"minecraft:dirt":7,"minecraft:granite":16,"minecraft:wooden_axe":14,"minecraft:iron_axe":88,"minecraft:stone_bricks":2,"minecraft:beef":11,"minecraft:furnace":9,"tombstone:gift":5,"minecraft:cooked_beef":18,"minecraft:pointed_dripstone":1,"minecraft:cooked_mutton":6,"minecraft:mossy_stone_bricks":5,"minecraft:diorite":3,"minecraft:leather_leggings":1,"minecraft:birch_planks":15,"minecraft:baked_potato":11,"minecraft:stone_pickaxe":290,"minecraft:oak_planks":36,"minecraft:wooden_pickaxe":119,"minecraft:cracked_stone_bricks":1,"minecraft:mossy_cobblestone":7,"minecraft:pitcher_pod":2,"minecraft:crafting_table":4,"minecraft:red_bed":4,"minecraft:white_bed":7,"minecraft:deepslate_tiles":1,"minecraft:iron_pickaxe":222,"minecraft:iron_door":1,"minecraft:golden_helmet":2,"minecraft:cobblestone":151,"minecraft:wooden_sword":15,"minecraft:potion":2,"minecraft:cooked_rabbit":3,"alexsmobs:animal_dictionary":1,"minecraft:pumpkin_pie":1},"minecraft:dropped":{"minecraft:spruce_sign":4,"minecraft:iron_sword":1,"minecraft:birch_planks":1,"minecraft:wheat_seeds":1,"minecraft:cooked_beef":6,"dynamictrees:birch_seed":9,"minecraft:mossy_cobblestone":5,"minecraft:glass_bottle":2,"minecraft:dripstone_block":2,"minecraft:iron_helmet":1,"minecraft:feather":3,"minecraft:cobblestone":56,"minecraft:granite":13,"iceandfire:ectoplasm":5,"minecraft:cracked_stone_bricks":3,"minecraft:leather_helmet":2,"minecraft:coal":5,"minecraft:golden_apple":5,"minecraft:flint":1,"minecraft:stick":11,"minecraft:dirt":11,"minecraft:diorite":39,"minecraft:wooden_axe":2,"tombstone:grave_dust":11,"minecraft:iron_leggings":2,"minecraft:wooden_sword":2,"minecraft:iron_pickaxe":2,"minecraft:iron_shovel":1,"minecraft:string":18,"minecraft:white_wool":2,"minecraft:bone":60,"minecraft:gravel":2,"minecraft:furnace":2,"minecraft:golden_chestplate":1,"minecraft:stone_sword":2,"minecraft:cobbled_deepslate":5,"tombstone:gift":1,"minecraft:pointed_dripstone":5,"minecraft:rotten_flesh":12,"minecraft:iron_boots":2,"minecraft:diamond_shovel":1,"minecraft:carrot":1,"minecraft:tipped_arrow":3,"minecraft:shield":2,"minecraft:allium":1,"minecraft:bundle":1,"minecraft:iron_chestplate":2,"minecraft:andesite":27,"minecraft:mossy_stone_bricks":6,"minecraft:leather_boots":2,"minecraft:chainmail_boots":1,"minecraft:leather_leggings":1,"minecraft:spider_eye":2,"minecraft:stone_bricks":3,"minecraft:iron_bars":33,"minecraft:arrow":75,"minecraft:bow":2,"minecraft:stone_pickaxe":5,"minecraft:beef":9,"minecraft:wooden_pickaxe":1,"minecraft:cooked_rabbit":2},"minecraft:broken":{"minecraft:golden_helmet":2,"minecraft:leather_leggings":1,"minecraft:iron_chestplate":1,"minecraft:chainmail_boots":1,"minecraft:wooden_pickaxe":2,"minecraft:stone_pickaxe":1}},"DataVersion":3465}