{"stats":{"minecraft:mined":{"luminousworld:grassvariant_4":1},"minecraft:custom":{"minecraft:jump":80,"minecraft:time_since_rest":9943,"minecraft:damage_dealt":90,"minecraft:crouch_one_cm":62,"minecraft:leave_game":1,"minecraft:play_time":9943,"minecraft:sprint_one_cm":4715,"minecraft:damage_taken":60,"minecraft:time_since_death":9943,"minecraft:walk_one_cm":4317,"minecraft:sneak_time":137,"minecraft:total_world_time":9943,"minecraft:fall_one_cm":1958,"minecraft:fly_one_cm":17171},"minecraft:used":{"stalwart_dungeons:iron_hammer":1,"minecraft:dirt":1,"supplementaries:gold_door":1,"quark:redstone_randomizer":1,"quark:lime_framed_glass":3,"minecraft:grass_block":9}},"DataVersion":3465}