{"stats":{"minecraft:killed_by":{"minecraft:player":2,"iceandfire:dread_beast":5,"iceandfire:dread_scuttler":9,"minecraft:wither_skeleton":1,"born_in_chaos_v1:phantom_creeper":1,"undead_revamp2:thesomnolence":1,"minecraft:drowned":1,"iceandfire:dread_ghoul":6,"undead_revamp2:thespitter":1,"iceandfire:dread_knight":17,"minecraft:bee":1,"minecraft:skeleton":1,"enemyexpansion:direwolf":1,"iceandfire:ghost":1,"iceandfire:fire_dragon":14},"minecraft:broken":{"minecraft:iron_boots":1,"minecraft:iron_chestplate":1,"minecraft:iron_leggings":1,"aether:iron_gloves":1,"minecraft:chainmail_chestplate":1,"minecraft:iron_helmet":1},"minecraft:killed":{"luminousworld:deer":1,"luminousworld:frostbitten_zombie":1,"earthmobsmod:jumbo_rabbit":1,"minecraft:spider":2,"iceandfire:dread_beast":1,"undead_revamp2:bomber":1,"enemyexpansion:direwolf":5,"born_in_chaos_v1:thornshell_crab":1,"undead_revamp2:theswarmer":1,"born_in_chaos_v1:maggot":2,"naturalist:snail":1,"minecraft:skeleton":2,"iceandfire:dread_knight":8,"iceandfire:dread_thrall":1,"minecraft:bee":3,"ecologics:coconut_crab":1,"iceandfire:dread_scuttler":2,"alexsmobs:flying_fish":1,"earthmobsmod:albino_cow":6,"friendsandfoes:copper_golem":1,"naturalist:butterfly":1,"earthmobsmod:cream_cow":5,"minecraft:sheep":5,"undead_revamp2:theordure":1,"luminousworld:mourning_cloak":1,"born_in_chaos_v1:bloody_gadfly":1,"enemyexpansion:meature":1,"minecraft:zombie":2,"iceandfire:ghost":1,"alexsmobs:fly":1,"iceandfire:dread_ghoul":1,"enemyexpansion:wasp":1,"minecraft:cow":7},"minecraft:custom":{"minecraft:mob_kills":72,"minecraft:interact_with_crafting_table":11,"minecraft:open_barrel":1,"minecraft:damage_dealt_resisted":420,"minecraft:eat_cake_slice":7,"minecraft:leave_game":3,"minecraft:time_since_death":14986,"minecraft:climb_one_cm":5153,"minecraft:sprint_one_cm":685714,"minecraft:walk_one_cm":196785,"minecraft:drop":118,"minecraft:play_noteblock":1,"minecraft:talked_to_villager":5,"minecraft:play_time":147056,"minecraft:deaths":65,"minecraft:sneak_time":1920,"minecraft:walk_under_water_one_cm":4647,"minecraft:jump":5095,"minecraft:walk_on_water_one_cm":15509,"minecraft:total_world_time":147056,"minecraft:interact_with_furnace":13,"minecraft:sleep_in_bed":15,"minecraft:time_since_rest":3389,"minecraft:damage_taken":21032,"minecraft:damage_dealt":16095,"minecraft:swim_one_cm":35362,"minecraft:fly_one_cm":1216295,"minecraft:open_chest":57,"minecraft:crouch_one_cm":2916,"tombstone:undead_killed":21,"minecraft:interact_with_smoker":2,"minecraft:fall_one_cm":146168,"minecraft:horse_one_cm":242712},"minecraft:used":{"stalwart_dungeons:iron_hammer":1,"minecraft:purple_candle":4,"minecraft:armor_stand":1,"minecraft:iron_sword":130,"supplementaries:gold_door":1,"minecraft:torch":9,"minecraft:dirt":50,"iceandfire:copper_sword":1,"ecologics:seashell":1,"alexsmobs:maggot":2,"minecraft:lantern":2,"minecraft:iron_axe":33,"minecraft:grass_block":9,"minecraft:brick_stairs":2,"minecraft:iron_helmet":1,"quark:redstone_randomizer":1,"minecraft:stone_bricks":4,"minecraft:item_frame":1,"minecraft:bow":25,"minecraft:beef":23,"supplementaries:ash":3,"minecraft:oxidized_copper":1,"tombstone:gift":2,"minecraft:cooked_beef":11,"minecraft:diorite":1,"minecraft:amethyst_block":1,"minecraft:bundle":1,"luminousworld:groundpebbles_1":2,"luminousworld:yellow_grassflowers":1,"minecraft:mossy_cobblestone":1,"luminousworld:white_petunias":3,"minecraft:crafting_table":3,"minecraft:white_bed":5,"quark:lime_framed_glass":3,"minecraft:mud":2,"minecraft:diamond_pickaxe":54,"minecraft:bread":18,"iceandfire:ash":6,"minecraft:golden_leggings":1,"ecologics:coconut_slice":2,"luminousworld:sunset_petunias":1,"minecraft:diamond_sword":245,"minecraft:cobblestone":17,"minecraft:yellow_bed":3,"alexsmobs:animal_dictionary":2,"minecraft:experience_bottle":2},"minecraft:dropped":{"minecraft:iron_sword":2,"minecraft:birch_planks":40,"minecraft:wheat_seeds":12,"minecraft:oak_log":1,"minecraft:iron_helmet":1,"minecraft:cobblestone":16,"iceandfire:fire_dragon_flesh":3,"minecraft:honeycomb":3,"minecraft:saddle":1,"minecraft:copper_ingot":2,"iceandfire:dread_stone_bricks_cracked":1,"born_in_chaos_v1:monster_flesh":1,"minecraft:dirt":5,"luminousworld:raw_venison":2,"minecraft:stone_button":1,"alexsmobs:flying_fish":1,"iceandfire:dread_stone_bricks":1,"minecraft:snowball":5,"tombstone:grave_dust":6,"minecraft:iron_leggings":1,"minecraft:amethyst_shard":8,"iceandfire:ash":4,"iceandfire:fire_dragon_blood":3,"minecraft:string":30,"iceandfire:dread_shard":4,"iceandfire:dragon_skull_fire":1,"minecraft:bone":9,"minecraft:gold_ingot":24,"iceandfire:dragonbone":10,"minecraft:wheat":4,"iceandfire:witherbone":1,"tombstone:gift":1,"minecraft:rotten_flesh":13,"minecraft:clay_ball":3,"minecraft:iron_boots":2,"iceandfire:troll_tusk":1,"minecraft:white_bed":1,"minecraft:rabbit_foot":2,"minecraft:chainmail_chestplate":2,"minecraft:diamond_sword":2,"minecraft:rabbit_hide":2,"iceandfire:sapphire_gem":2,"minecraft:potato":2,"supplementaries:ash":37,"luminousworld:grassflowers":1,"aether:iron_gloves":1,"iceandfire:copper_sword":2,"minecraft:allium":2,"minecraft:diamond_pickaxe":1,"luminousworld:groundpebbles_1":3,"born_in_chaos_v1:spiny_shell":4,"born_in_chaos_v1:corpse_maggot":5,"minecraft:golden_leggings":2,"ecologics:coconut_husk":2,"iceandfire:pixie_dust":2,"minecraft:spider_eye":7,"minecraft:slime_ball":1,"minecraft:arrow":1},"minecraft:mined":{"luminousworld:white_petunias":1,"minecraft:large_amethyst_bud":1,"minecraft:white_bed":7,"minecraft:mossy_cobblestone":1,"luminousworld:grassvariant_4":5,"minecraft:purple_candle":1,"minecraft:budding_amethyst":1,"minecraft:grass_block":5,"minecraft:coal_block":5,"luminousworld:grassvariant_2":8,"iceandfire:dread_spawner":2,"luminousworld:yellow_grassflowers":1,"minecraft:fire":4,"minecraft:potatoes":1,"ecologics:walnut_log":1,"luminousworld:groundpebbles_2":1,"minecraft:stone":18,"iceandfire:dread_stone_bricks_cracked":2,"minecraft:white_wool":2,"minecraft:medium_amethyst_bud":1,"minecraft:amethyst_cluster":2,"minecraft:crafting_table":2,"minecraft:torch":1,"ecologics:walnut_leaves":2,"minecraft:oxidized_copper":1,"minecraft:tall_grass":2,"minecraft:diorite":1,"minecraft:amethyst_block":1,"ecologics:seashell":1,"minecraft:mud":3,"minecraft:birch_log":7,"minecraft:yellow_bed":3,"minecraft:grass":18,"minecraft:oak_log":1,"minecraft:sand":6,"minecraft:dirt":29,"luminousworld:grassvariant_3":3,"minecraft:cobweb":27,"minecraft:oak_leaves":2,"iceandfire:dread_stone_bricks":2},"minecraft:crafted":{"minecraft:oak_planks":4,"minecraft:coal":45,"ecologics:walnut_planks":4,"minecraft:glass":3,"minecraft:iron_boots":1,"minecraft:iron_axe":1,"minecraft:cooked_beef":8,"minecraft:glass_bottle":3,"minecraft:diamond_sword":2,"minecraft:crafting_table":3,"minecraft:iron_helmet":1,"minecraft:birch_planks":28,"minecraft:bread":12,"minecraft:air":0,"aether:iron_gloves":1,"minecraft:iron_chestplate":1,"minecraft:diamond_pickaxe":2,"minecraft:stick":8,"minecraft:iron_leggings":1},"minecraft:picked_up":{"iceandfire:dread_stone_bricks":1,"minecraft:mud":2,"luminousworld:groundpebbles_1":5,"minecraft:crafting_table":1,"minecraft:iron_chestplate":1,"minecraft:wheat":3,"iceandfire:witherbone":1,"iceandfire:copper_sword":2,"minecraft:diamond_sword":1,"ecologics:seashell":1,"minecraft:amethyst_block":1,"minecraft:string":30,"minecraft:iron_leggings":2,"minecraft:item_frame":2,"minecraft:armor_stand":1,"minecraft:experience_bottle":2,"minecraft:oak_sign":2,"minecraft:beef":38,"iceandfire:dread_knight_sword":1,"iceandfire:dread_shard":6,"minecraft:coal_block":5,"minecraft:iron_boots":2,"iceandfire:pixie_dust":1,"iceandfire:dragonbone":19,"iceandfire:troll_tusk":1,"ecologics:walnut_log":1,"ecologics:coconut_slice":2,"minecraft:copper_ingot":2,"minecraft:torch":2,"tombstone:grave_dust":4,"minecraft:diorite":1,"minecraft:rabbit_foot":3,"minecraft:purple_candle":4,"luminousworld:grassflowers":1,"minecraft:arrow":50,"minecraft:rotten_flesh":12,"luminousworld:yellow_grassflowers":1,"iceandfire:fire_dragon_heart":1,"born_in_chaos_v1:spiny_shell":4,"minecraft:gold_ingot":26,"supplementaries:ash":33,"minecraft:brick_stairs":2,"alexsmobs:flying_fish":1,"minecraft:mutton":10,"minecraft:snowball":5,"minecraft:white_wool":6,"minecraft:cobblestone":33,"minecraft:birch_log":7,"born_in_chaos_v1:corpse_maggot":10,"iceandfire:sapphire_gem":2,"minecraft:oxidized_copper":1,"born_in_chaos_v1:monster_flesh":1,"minecraft:leather":15,"minecraft:golden_leggings":1,"minecraft:potato":2,"minecraft:birch_planks":20,"minecraft:chainmail_chestplate":3,"minecraft:oak_log":1,"luminousworld:raw_venison":2,"iceandfire:dread_stone_bricks_cracked":1,"minecraft:yellow_bed":3,"minecraft:dirt":54,"minecraft:lantern":1,"minecraft:bone":15,"minecraft:stone_bricks":4,"minecraft:bow":1,"minecraft:wheat_seeds":11,"minecraft:rabbit_hide":2,"minecraft:iron_ingot":6,"luminousworld:white_petunias":3,"iceandfire:fire_dragon_flesh":6,"minecraft:iron_sword":2,"minecraft:honeycomb":3,"iceandfire:ash":7,"luminousworld:sunset_petunias":1,"iceandfire:dragon_skull_fire":1,"minecraft:sand":6,"ecologics:coconut_husk":2,"minecraft:amethyst_shard":16,"minecraft:white_bed":7,"minecraft:spider_eye":7,"minecraft:mossy_cobblestone":1,"minecraft:bundle":1,"minecraft:slime_ball":1,"iceandfire:fire_dragon_blood":3,"minecraft:iron_helmet":1,"minecraft:emerald":1,"alexsmobs:maggot":2,"tombstone:magic_scroll":1,"minecraft:coal":2}},"DataVersion":3465}