{"stats":{"minecraft:picked_up":{"minecraft:birch_log":7,"luminousworld:groundpebbles_1":3,"minecraft:iron_chestplate":1,"minecraft:leather":6,"minecraft:birch_planks":20,"minecraft:dirt":24,"minecraft:iron_leggings":2,"minecraft:armor_stand":1,"minecraft:experience_bottle":1,"minecraft:iron_ingot":2,"minecraft:beef":12,"luminousworld:white_petunias":2,"minecraft:iron_boots":2,"iceandfire:pixie_dust":1,"minecraft:torch":1,"minecraft:white_bed":1,"minecraft:slime_ball":1,"luminousworld:yellow_grassflowers":1,"minecraft:iron_helmet":1,"minecraft:gold_ingot":2,"alexsmobs:maggot":2,"minecraft:mutton":2,"minecraft:coal":2,"minecraft:white_wool":3},"minecraft:mined":{"luminousworld:white_petunias":1,"minecraft:white_bed":1,"luminousworld:grassvariant_4":4,"minecraft:crafting_table":1,"luminousworld:yellow_grassflowers":1,"minecraft:birch_log":7,"minecraft:grass":4,"minecraft:dirt":8,"luminousworld:grassvariant_3":1,"minecraft:white_wool":2,"minecraft:oak_leaves":1},"minecraft:killed":{"earthmobsmod:cream_cow":1,"naturalist:snail":1,"minecraft:sheep":1,"minecraft:bee":3,"alexsmobs:fly":1,"earthmobsmod:albino_cow":4},"minecraft:crafted":{"minecraft:cooked_beef":8,"minecraft:diamond_sword":2,"minecraft:crafting_table":1,"minecraft:birch_planks":28,"minecraft:air":0,"minecraft:bread":12,"minecraft:diamond_pickaxe":2,"minecraft:iron_axe":1,"minecraft:stick":8},"minecraft:custom":{"minecraft:interact_with_furnace":8,"minecraft:mob_kills":11,"minecraft:interact_with_crafting_table":7,"minecraft:leave_game":1,"minecraft:time_since_death":14534,"minecraft:climb_one_cm":452,"minecraft:time_since_rest":13931,"minecraft:sprint_one_cm":134223,"minecraft:damage_taken":4245,"minecraft:walk_one_cm":32234,"minecraft:drop":17,"minecraft:damage_dealt":981,"minecraft:play_noteblock":1,"minecraft:swim_one_cm":3615,"minecraft:talked_to_villager":3,"minecraft:fly_one_cm":212910,"minecraft:open_chest":12,"minecraft:crouch_one_cm":1224,"minecraft:play_time":33943,"minecraft:sneak_time":1117,"minecraft:deaths":8,"minecraft:walk_under_water_one_cm":95,"minecraft:jump":941,"minecraft:walk_on_water_one_cm":2258,"minecraft:interact_with_smoker":2,"minecraft:total_world_time":33943,"minecraft:fall_one_cm":48774},"minecraft:killed_by":{"minecraft:wither_skeleton":1,"minecraft:skeleton":1,"undead_revamp2:thesomnolence":1,"iceandfire:ghost":1,"minecraft:drowned":1,"undead_revamp2:thespitter":1},"minecraft:dropped":{"minecraft:birch_planks":40,"minecraft:wheat":1,"minecraft:iron_helmet":1,"minecraft:iron_boots":2,"minecraft:diamond_sword":1,"minecraft:diamond_pickaxe":1,"luminousworld:groundpebbles_1":3,"iceandfire:pixie_dust":2,"tombstone:grave_dust":2,"minecraft:iron_leggings":1,"minecraft:slime_ball":1},"minecraft:used":{"stalwart_dungeons:iron_hammer":1,"minecraft:armor_stand":1,"supplementaries:gold_door":1,"luminousworld:yellow_grassflowers":1,"minecraft:torch":2,"minecraft:dirt":11,"luminousworld:white_petunias":2,"minecraft:crafting_table":1,"quark:lime_framed_glass":3,"alexsmobs:maggot":2,"minecraft:grass_block":9,"minecraft:iron_axe":7,"minecraft:bread":3,"minecraft:iron_helmet":1,"quark:redstone_randomizer":1,"minecraft:diamond_sword":7,"minecraft:beef":4,"tombstone:gift":2,"minecraft:experience_bottle":1}},"DataVersion":3465}