{"stats":{"minecraft:killed":{"minecraft:spider":2,"alexsmobs:tasmanian_devil":2,"minecraft:sheep":2,"minecraft:skeleton":7,"cataclysm:deepling_brute":1,"minecraft:zombie":5,"alexsmobs:leafcutter_ant":1,"alexsmobs:crow":1,"minecraft:cow":1},"minecraft:killed_by":{"minecraft:player":1,"cataclysm:deepling_brute":2,"minecraft:skeleton":1,"minecraft:zombie":2,"alexsmobs:leafcutter_ant":1,"alexsmobs:grizzly_bear":2},"minecraft:broken":{"minecraft:leather_helmet":1,"minecraft:wooden_sword":1},"minecraft:mined":{"valhelsia_structures:stone":1,"regions_unexplored:spanish_moss_plant":2,"alexsmobs:leafcutter_anthill":1,"minecraft:rose_bush":1,"alexsmobs:leafcutter_ant_chamber":5,"regions_unexplored:elephant_ear":1,"regions_unexplored:hyssop":2,"minecraft:sandstone":12,"minecraft:wall_torch":2,"minecraft:spawner":2,"valhelsia_structures:bone_pile":1,"regions_unexplored:birch_branch":1,"minecraft:birch_planks":9,"minecraft:lime_bed":3,"minecraft:coarse_dirt":5,"regions_unexplored:spanish_moss":1,"regions_unexplored:sandy_tall_grass":1,"minecraft:birch_log":1,"minecraft:fire":1,"regions_unexplored:flowering_lily_pad":1,"regions_unexplored:sandy_grass":16,"minecraft:grass":3,"minecraft:iron_bars":6,"minecraft:sand":78,"minecraft:dirt":23,"regions_unexplored:medium_grass":5,"minecraft:stone":3,"minecraft:stone_bricks":7,"regions_unexplored:redwood_log":6,"regions_unexplored:tassel":1,"minecraft:fern":2},"minecraft:crafted":{"minecraft:wooden_sword":3,"minecraft:crafting_table":3,"minecraft:baked_potato":5,"minecraft:birch_planks":48,"minecraft:cooked_mutton":2,"minecraft:air":0,"regions_unexplored:redwood_planks":24,"minecraft:purple_dye":2,"minecraft:stick":8,"minecraft:stone_pickaxe":1,"minecraft:torch":20},"minecraft:picked_up":{"minecraft:birch_log":13,"minecraft:lime_bed":4,"minecraft:coarse_dirt":4,"minecraft:feather":1,"minecraft:wooden_pickaxe":1,"minecraft:potato":1,"minecraft:red_mushroom":3,"minecraft:birch_planks":15,"alexsmobs:bear_fur":2,"regions_unexplored:tassel":1,"minecraft:dirt":11,"minecraft:red_bed":1,"regions_unexplored:flowering_lily_pad":1,"minecraft:bone":3,"minecraft:stone_bricks":9,"minecraft:bow":1,"minecraft:cooked_chicken":1,"minecraft:wheat_seeds":2,"minecraft:beef":3,"dynamictrees:birch_seed":3,"tombstone:bag_of_seeds":1,"minecraft:glass_bottle":3,"minecraft:cooked_porkchop":3,"minecraft:melon_slice":10,"alexsmobs:leafcutter_ant_chamber":1,"regions_unexplored:redwood_log":6,"minecraft:stick":21,"regions_unexplored:elephant_ear":1,"minecraft:torch":1,"minecraft:sand":16,"tombstone:grave_dust":4,"alexsmobs:animal_dictionary":1,"minecraft:leather_helmet":1,"regions_unexplored:hyssop":2,"minecraft:arrow":5,"minecraft:rotten_flesh":4,"minecraft:stone_axe":2,"tombstone:essence_of_undeath":1,"minecraft:mutton":3,"minecraft:white_wool":2,"minecraft:iron_bars":3,"alexsmobs:flying_fish":1,"minecraft:cobblestone":4},"minecraft:custom":{"minecraft:interact_with_furnace":6,"minecraft:mob_kills":23,"minecraft:interact_with_crafting_table":5,"minecraft:open_barrel":2,"minecraft:eat_cake_slice":1,"minecraft:time_since_death":11386,"minecraft:sleep_in_bed":1,"minecraft:climb_one_cm":1787,"minecraft:time_since_rest":10936,"minecraft:sprint_one_cm":286837,"minecraft:damage_taken":3814,"minecraft:walk_one_cm":114458,"minecraft:damage_blocked_by_shield":1560,"minecraft:drop":44,"minecraft:damage_dealt":5212,"minecraft:swim_one_cm":35515,"minecraft:fly_one_cm":393086,"minecraft:open_chest":21,"minecraft:crouch_one_cm":3817,"minecraft:play_time":60213,"tombstone:undead_killed":12,"minecraft:deaths":9,"minecraft:sneak_time":1358,"minecraft:walk_under_water_one_cm":10416,"minecraft:jump":1628,"minecraft:walk_on_water_one_cm":12246,"minecraft:total_world_time":60213,"minecraft:fall_one_cm":34389},"minecraft:dropped":{"minecraft:stone_axe":2,"minecraft:birch_planks":11,"minecraft:wheat_seeds":2,"minecraft:cooked_chicken":2,"minecraft:cooked_beef":2,"minecraft:coarse_dirt":4,"alexsmobs:animal_dictionary":1,"dynamictrees:birch_seed":2,"minecraft:glass_bottle":3,"minecraft:feather":1,"minecraft:rotten_flesh":1,"regions_unexplored:tassel":1,"regions_unexplored:redwood_planks":9,"minecraft:purple_dye":2,"minecraft:red_mushroom":3,"minecraft:filled_map":1,"minecraft:potato":9,"minecraft:dirt":11,"minecraft:orange_carpet":1,"alexsmobs:leafcutter_ant_chamber":1,"minecraft:chainmail_boots":1,"minecraft:potion":1,"tombstone:grave_dust":4,"minecraft:stone_bricks":2,"minecraft:wooden_sword":1,"minecraft:bow":1,"minecraft:sand":16,"minecraft:arrow":2,"minecraft:stone_pickaxe":1,"minecraft:bone":1},"minecraft:used":{"minecraft:cooked_mutton":2,"minecraft:iron_bars":3,"minecraft:iron_shovel":111,"minecraft:birch_planks":40,"minecraft:baked_potato":5,"minecraft:wooden_pickaxe":44,"minecraft:shield":19,"minecraft:cooked_chicken":1,"minecraft:rotten_flesh":5,"minecraft:cracked_stone_bricks":15,"minecraft:white_wool":1,"minecraft:torch":29,"regions_unexplored:redwood_planks":5,"minecraft:lime_bed":4,"minecraft:crafting_table":3,"minecraft:red_bed":1,"minecraft:carrot":15,"alexsmobs:flying_fish":1,"minecraft:apple":4,"minecraft:melon_slice":11,"regions_unexplored:elephant_ear":1,"minecraft:leather_helmet":1,"minecraft:stone_bricks":7,"minecraft:stone_axe":47,"minecraft:cobblestone":1,"minecraft:wooden_sword":97,"minecraft:chainmail_boots":1,"minecraft:cooked_porkchop":1,"minecraft:cooked_rabbit":2,"minecraft:birch_log":1,"tombstone:gift":6,"alexsmobs:animal_dictionary":1}},"DataVersion":3465}