{"stats":{"minecraft:mined":{"minecraft:grass":10,"minecraft:birch_log":2,"minecraft:birch_leaves":2},"minecraft:custom":{"minecraft:time_since_rest":3331,"minecraft:open_chest":8,"minecraft:crouch_one_cm":8,"minecraft:sprint_one_cm":54421,"minecraft:play_time":24057,"minecraft:damage_taken":40,"minecraft:deaths":2,"minecraft:walk_one_cm":32992,"minecraft:sneak_time":42,"minecraft:walk_under_water_one_cm":376,"minecraft:jump":253,"minecraft:leave_game":1,"minecraft:walk_on_water_one_cm":2244,"minecraft:time_since_death":5730,"minecraft:climb_one_cm":193,"minecraft:total_world_time":24057,"minecraft:swim_one_cm":4373,"minecraft:fall_one_cm":4467,"minecraft:fly_one_cm":412090},"minecraft:picked_up":{"minecraft:birch_log":10,"minecraft:stick":18,"dynamictrees:birch_seed":1},"minecraft:used":{"minecraft:birch_log":2,"alexsmobs:animal_dictionary":6}},"DataVersion":3465}