{"stats":{"minecraft:crafted":{"minecraft:wooden_sword":1,"minecraft:oak_planks":32,"minecraft:raw_iron":45,"minecraft:coal":27,"minecraft:crafting_table":1,"minecraft:iron_pickaxe":1,"minecraft:wooden_axe":1},"minecraft:dropped":{"minecraft:bread":3,"minecraft:beef":7},"minecraft:custom":{"minecraft:time_since_rest":8759,"minecraft:interact_with_furnace":3,"minecraft:sprint_one_cm":57837,"minecraft:damage_taken":615,"minecraft:walk_one_cm":19963,"minecraft:trigger_trapped_chest":1,"minecraft:interact_with_anvil":1,"minecraft:mob_kills":7,"minecraft:drop":2,"minecraft:damage_dealt":1789,"minecraft:talked_to_villager":3,"minecraft:swim_one_cm":4129,"minecraft:interact_with_crafting_table":1,"minecraft:fly_one_cm":140019,"minecraft:open_chest":5,"minecraft:crouch_one_cm":8876,"minecraft:play_time":16293,"tombstone:undead_killed":3,"minecraft:deaths":1,"minecraft:sneak_time":2557,"minecraft:walk_under_water_one_cm":1369,"minecraft:jump":513,"minecraft:eat_cake_slice":3,"minecraft:interact_with_blast_furnace":1,"minecraft:leave_game":1,"minecraft:walk_on_water_one_cm":6525,"minecraft:time_since_death":9049,"minecraft:climb_one_cm":1046,"minecraft:total_world_time":16293,"minecraft:fall_one_cm":12722},"minecraft:picked_up":{"minecraft:raw_iron":3,"minecraft:crafting_table":1,"minecraft:stick":17,"minecraft:raw_iron_block":5,"valhelsia_structures:cut_oak_post":3,"minecraft:porkchop":2,"minecraft:oak_log":8,"minecraft:dirt":1,"valhelsia_structures:oak_post":2,"minecraft:chainmail_leggings":1,"minecraft:hay_block":1,"minecraft:beef":7,"dynamictrees:oak_seed":3,"minecraft:coal_block":3},"minecraft:killed":{"minecraft:skeleton":1,"minecraft:pig":2,"iceandfire:ghost":2,"alexsmobs:raccoon":1,"alexsmobs:bison":1},"minecraft:mined":{"minecraft:tall_seagrass":1,"minecraft:raw_iron_block":5,"minecraft:iron_ore":3,"minecraft:crafting_table":1,"minecraft:grass":4,"minecraft:grass_block":1,"minecraft:coal_block":3,"valhelsia_structures:cut_oak_post":2,"valhelsia_structures:oak_post":2},"minecraft:killed_by":{"alexsmobs:bison":1},"minecraft:used":{"minecraft:wooden_axe":9,"minecraft:apple":8,"minecraft:iron_pickaxe":11,"minecraft:iron_helmet":1,"minecraft:iron_chestplate":1,"minecraft:wooden_sword":47,"minecraft:dirt":1,"minecraft:crafting_table":1}},"DataVersion":3465}