{"stats":{"minecraft:killed":{"minecraft:spider":3,"alexsmobs:tasmanian_devil":2,"minecraft:skeleton":11,"alexsmobs:leafcutter_ant":1,"minecraft:sheep":3,"cataclysm:deepling_brute":1,"alexsmobs:cockroach":4,"minecraft:zombie":12,"alexsmobs:crow":1,"minecraft:cow":1},"minecraft:killed_by":{"minecraft:player":1,"alexsmobs:leafcutter_ant":1,"cataclysm:deepling_brute":2,"minecraft:skeleton":2,"minecraft:zombie":2,"alexsmobs:grizzly_bear":2},"minecraft:mined":{"iceandfire:silver_ore":2,"alexsmobs:leafcutter_anthill":1,"alexsmobs:leafcutter_ant_chamber":5,"regions_unexplored:elephant_ear":1,"minecraft:sandstone":12,"minecraft:spawner":3,"regions_unexplored:birch_branch":1,"minecraft:fire":1,"minecraft:iron_bars":6,"regions_unexplored:medium_grass":5,"minecraft:stone":4,"regions_unexplored:redwood_log":6,"valhelsia_structures:stone":1,"minecraft:red_bed":1,"regions_unexplored:spanish_moss_plant":2,"minecraft:rose_bush":1,"minecraft:wall_torch":2,"regions_unexplored:pine_log":1,"minecraft:birch_planks":9,"minecraft:lime_bed":3,"regions_unexplored:hyssop":2,"minecraft:coarse_dirt":5,"valhelsia_structures:bone_pile":1,"regions_unexplored:spanish_moss":1,"regions_unexplored:sandy_tall_grass":1,"minecraft:birch_log":1,"minecraft:torchflower":2,"regions_unexplored:flowering_lily_pad":1,"regions_unexplored:sandy_grass":16,"minecraft:grass":3,"minecraft:oak_log":2,"minecraft:sand":78,"minecraft:dirt":23,"minecraft:cracked_stone_bricks":6,"minecraft:stone_bricks":8,"minecraft:fern":3,"regions_unexplored:tassel":1},"minecraft:broken":{"minecraft:leather_helmet":1,"minecraft:wooden_sword":1,"minecraft:stone_axe":1},"minecraft:crafted":{"minecraft:wooden_sword":3,"minecraft:cooked_mutton":2,"minecraft:stone_pickaxe":1,"minecraft:crafting_table":4,"minecraft:baked_potato":5,"minecraft:birch_planks":48,"minecraft:air":0,"regions_unexplored:redwood_planks":24,"regions_unexplored:pine_planks":4,"minecraft:purple_dye":2,"minecraft:stick":8,"minecraft:torch":20},"minecraft:picked_up":{"minecraft:coarse_dirt":4,"minecraft:wooden_pickaxe":1,"minecraft:string":2,"minecraft:red_bed":2,"regions_unexplored:flowering_lily_pad":1,"minecraft:cracked_stone_bricks":5,"regions_unexplored:pine_log":1,"minecraft:beef":3,"minecraft:melon_slice":10,"regions_unexplored:redwood_log":6,"alexsmobs:leafcutter_ant_chamber":1,"minecraft:stick":21,"regions_unexplored:elephant_ear":1,"minecraft:torch":1,"tombstone:grave_dust":9,"minecraft:arrow":9,"minecraft:rotten_flesh":10,"tombstone:essence_of_undeath":1,"minecraft:mutton":4,"minecraft:iron_bars":3,"alexsmobs:flying_fish":1,"minecraft:white_wool":3,"minecraft:cobblestone":5,"minecraft:birch_log":13,"minecraft:lime_bed":4,"minecraft:feather":1,"minecraft:red_mushroom":3,"minecraft:potato":1,"minecraft:torchflower":2,"minecraft:birch_planks":15,"alexsmobs:bear_fur":2,"minecraft:oak_log":2,"minecraft:cobblestone_stairs":1,"regions_unexplored:tassel":1,"minecraft:dirt":11,"minecraft:bone":8,"minecraft:stone_bricks":10,"minecraft:bow":1,"minecraft:wheat_seeds":2,"alexsmobs:cockroach_wing_fragment":3,"dynamictrees:birch_seed":3,"minecraft:cooked_chicken":1,"tombstone:bag_of_seeds":1,"minecraft:glass_bottle":3,"minecraft:cooked_porkchop":3,"minecraft:sand":16,"alexsmobs:animal_dictionary":1,"minecraft:leather_helmet":1,"regions_unexplored:hyssop":2,"minecraft:stone_axe":2,"minecraft:chainmail_leggings":1,"iceandfire:raw_silver":2},"minecraft:custom":{"minecraft:mob_kills":43,"minecraft:interact_with_crafting_table":5,"minecraft:open_barrel":2,"minecraft:eat_cake_slice":1,"minecraft:time_since_death":1433,"minecraft:climb_one_cm":1787,"minecraft:sprint_one_cm":353724,"minecraft:walk_one_cm":138344,"minecraft:damage_blocked_by_shield":2220,"minecraft:drop":66,"minecraft:play_time":72213,"minecraft:deaths":10,"minecraft:sneak_time":1358,"minecraft:walk_under_water_one_cm":10416,"minecraft:jump":1862,"minecraft:walk_on_water_one_cm":12736,"minecraft:total_world_time":72213,"minecraft:interact_with_furnace":6,"minecraft:sleep_in_bed":2,"minecraft:time_since_rest":1142,"minecraft:damage_taken":4387,"minecraft:damage_dealt":8056,"minecraft:swim_one_cm":35515,"minecraft:fly_one_cm":434755,"minecraft:open_chest":30,"minecraft:crouch_one_cm":3817,"tombstone:undead_killed":23,"minecraft:fall_one_cm":42182},"minecraft:dropped":{"minecraft:torchflower":1,"minecraft:birch_planks":11,"minecraft:wheat_seeds":4,"minecraft:cooked_beef":2,"minecraft:oak_log":2,"dynamictrees:birch_seed":3,"minecraft:glass_bottle":4,"minecraft:feather":1,"minecraft:cobblestone":1,"regions_unexplored:tassel":1,"minecraft:purple_dye":2,"minecraft:red_mushroom":3,"minecraft:dirt":11,"minecraft:orange_carpet":1,"minecraft:leather_horse_armor":1,"alexsmobs:leafcutter_ant_chamber":1,"tombstone:grave_dust":6,"minecraft:potion":1,"minecraft:wooden_sword":2,"minecraft:sand":16,"minecraft:string":2,"minecraft:white_wool":2,"minecraft:gold_ingot":1,"minecraft:bone":5,"minecraft:stone_axe":2,"minecraft:cooked_chicken":2,"minecraft:coarse_dirt":4,"alexsmobs:animal_dictionary":1,"minecraft:cocoa_beans":4,"minecraft:rotten_flesh":3,"regions_unexplored:redwood_planks":9,"alexsmobs:bear_fur":2,"minecraft:filled_map":1,"minecraft:potato":9,"alexsmobs:cockroach_wing_fragment":3,"minecraft:beetroot_seeds":3,"minecraft:melon_seeds":2,"minecraft:chainmail_boots":1,"minecraft:stone_bricks":2,"minecraft:arrow":2,"minecraft:bow":1,"minecraft:wooden_pickaxe":1,"minecraft:stone_pickaxe":1},"minecraft:used":{"minecraft:iron_bars":3,"minecraft:iron_shovel":111,"minecraft:shield":28,"minecraft:rotten_flesh":6,"minecraft:cooked_chicken":2,"minecraft:torch":35,"minecraft:carrot":15,"regions_unexplored:elephant_ear":1,"minecraft:stone_bricks":8,"tombstone:gift":8,"minecraft:egg":4,"minecraft:cooked_mutton":2,"minecraft:cobblestone_stairs":1,"minecraft:torchflower":1,"minecraft:stone_pickaxe":3,"minecraft:birch_planks":40,"minecraft:baked_potato":6,"minecraft:wooden_pickaxe":52,"minecraft:cracked_stone_bricks":19,"minecraft:white_wool":1,"regions_unexplored:redwood_planks":5,"minecraft:crafting_table":4,"minecraft:lime_bed":4,"minecraft:red_bed":2,"tombstone:bag_of_seeds":1,"alexsmobs:flying_fish":1,"minecraft:apple":4,"minecraft:melon_slice":15,"minecraft:leather_helmet":1,"minecraft:stone_axe":101,"minecraft:wooden_sword":97,"minecraft:potion":1,"minecraft:cobblestone":1,"minecraft:chainmail_boots":1,"minecraft:cooked_porkchop":2,"minecraft:cooked_rabbit":2,"minecraft:birch_log":1,"alexsmobs:animal_dictionary":1,"minecraft:chainmail_leggings":1}},"DataVersion":3465}