{"stats":{"minecraft:mined":{"minecraft:grass":10,"minecraft:birch_log":2,"minecraft:birch_leaves":2,"minecraft:oak_leaves":2},"minecraft:custom":{"minecraft:time_since_rest":1,"minecraft:open_chest":8,"minecraft:crouch_one_cm":8,"minecraft:sprint_one_cm":73041,"minecraft:play_time":35588,"minecraft:damage_taken":300,"minecraft:deaths":3,"minecraft:walk_one_cm":37028,"minecraft:sneak_time":42,"minecraft:walk_under_water_one_cm":376,"minecraft:jump":374,"minecraft:leave_game":2,"minecraft:walk_on_water_one_cm":2244,"minecraft:time_since_death":616,"minecraft:climb_one_cm":193,"minecraft:total_world_time":35588,"minecraft:swim_one_cm":4373,"minecraft:fall_one_cm":9794,"minecraft:fly_one_cm":436577},"minecraft:picked_up":{"minecraft:birch_log":10,"minecraft:stick":18,"dynamictrees:birch_seed":1,"minecraft:oak_log":1},"minecraft:used":{"minecraft:oak_log":1,"minecraft:birch_log":2,"alexsmobs:animal_dictionary":6}},"DataVersion":3465}