{"stats":{"minecraft:killed_by":{"iceandfire:dread_beast":2,"minecraft:player":2,"iceandfire:dread_scuttler":5,"minecraft:wither_skeleton":1,"born_in_chaos_v1:phantom_creeper":1,"undead_revamp2:thesomnolence":1,"minecraft:drowned":1,"iceandfire:dread_ghoul":6,"undead_revamp2:thespitter":1,"iceandfire:dread_knight":17,"minecraft:skeleton":1,"enemyexpansion:direwolf":1,"iceandfire:ghost":1,"iceandfire:fire_dragon":14},"minecraft:broken":{"minecraft:iron_boots":1,"minecraft:iron_chestplate":1,"minecraft:iron_leggings":1,"aether:iron_gloves":1,"minecraft:chainmail_chestplate":1,"minecraft:iron_helmet":1},"minecraft:killed":{"luminousworld:deer":1,"luminousworld:frostbitten_zombie":1,"earthmobsmod:jumbo_rabbit":1,"minecraft:spider":2,"enemyexpansion:direwolf":4,"undead_revamp2:bomber":1,"born_in_chaos_v1:thornshell_crab":1,"born_in_chaos_v1:maggot":2,"naturalist:snail":1,"minecraft:skeleton":2,"iceandfire:dread_thrall":1,"iceandfire:dread_knight":7,"minecraft:bee":3,"ecologics:coconut_crab":1,"iceandfire:dread_scuttler":2,"alexsmobs:flying_fish":1,"earthmobsmod:albino_cow":6,"naturalist:butterfly":1,"earthmobsmod:cream_cow":5,"minecraft:sheep":5,"undead_revamp2:theordure":1,"luminousworld:mourning_cloak":1,"born_in_chaos_v1:bloody_gadfly":1,"enemyexpansion:meature":1,"minecraft:zombie":2,"iceandfire:ghost":1,"alexsmobs:fly":1,"iceandfire:dread_ghoul":1,"enemyexpansion:wasp":1,"minecraft:cow":7},"minecraft:custom":{"minecraft:mob_kills":67,"minecraft:interact_with_crafting_table":8,"minecraft:open_barrel":1,"minecraft:damage_dealt_resisted":420,"minecraft:eat_cake_slice":7,"minecraft:leave_game":2,"minecraft:time_since_death":139,"minecraft:climb_one_cm":3340,"minecraft:sprint_one_cm":557164,"minecraft:walk_one_cm":160593,"minecraft:drop":100,"minecraft:play_noteblock":1,"minecraft:talked_to_villager":3,"minecraft:play_time":117365,"minecraft:deaths":57,"minecraft:sneak_time":1734,"minecraft:walk_under_water_one_cm":4037,"minecraft:jump":4172,"minecraft:walk_on_water_one_cm":13785,"minecraft:total_world_time":117365,"minecraft:interact_with_furnace":12,"minecraft:sleep_in_bed":12,"minecraft:time_since_rest":1,"minecraft:damage_taken":19002,"minecraft:damage_dealt":14275,"minecraft:swim_one_cm":32198,"minecraft:fly_one_cm":1044360,"minecraft:open_chest":44,"minecraft:crouch_one_cm":2209,"tombstone:undead_killed":18,"minecraft:interact_with_smoker":2,"minecraft:fall_one_cm":130855},"minecraft:used":{"stalwart_dungeons:iron_hammer":1,"minecraft:purple_candle":4,"minecraft:armor_stand":1,"supplementaries:gold_door":1,"minecraft:iron_sword":130,"minecraft:torch":9,"minecraft:dirt":50,"iceandfire:copper_sword":1,"ecologics:seashell":1,"alexsmobs:maggot":2,"minecraft:lantern":1,"minecraft:iron_axe":29,"minecraft:grass_block":9,"minecraft:brick_stairs":2,"minecraft:iron_helmet":1,"quark:redstone_randomizer":1,"minecraft:stone_bricks":4,"minecraft:item_frame":1,"minecraft:bow":25,"minecraft:beef":11,"supplementaries:ash":1,"tombstone:gift":2,"minecraft:cooked_beef":11,"minecraft:diorite":1,"minecraft:amethyst_block":1,"minecraft:bundle":1,"luminousworld:groundpebbles_1":2,"luminousworld:yellow_grassflowers":1,"minecraft:mossy_cobblestone":1,"luminousworld:white_petunias":3,"minecraft:crafting_table":2,"minecraft:white_bed":5,"quark:lime_framed_glass":3,"minecraft:mud":2,"minecraft:diamond_pickaxe":48,"minecraft:bread":18,"iceandfire:ash":6,"ecologics:coconut_slice":2,"luminousworld:sunset_petunias":1,"minecraft:diamond_sword":177,"minecraft:cobblestone":17,"minecraft:yellow_bed":2,"minecraft:experience_bottle":1},"minecraft:dropped":{"minecraft:iron_sword":2,"minecraft:birch_planks":40,"minecraft:wheat_seeds":9,"minecraft:oak_log":1,"minecraft:cobblestone":16,"minecraft:iron_helmet":1,"iceandfire:fire_dragon_flesh":3,"minecraft:honeycomb":3,"iceandfire:dread_stone_bricks_cracked":1,"born_in_chaos_v1:monster_flesh":1,"minecraft:dirt":5,"luminousworld:raw_venison":2,"minecraft:stone_button":1,"alexsmobs:flying_fish":1,"minecraft:snowball":5,"iceandfire:dread_stone_bricks":1,"tombstone:grave_dust":4,"minecraft:iron_leggings":1,"minecraft:amethyst_shard":8,"iceandfire:ash":4,"iceandfire:fire_dragon_blood":3,"minecraft:gold_ingot":24,"minecraft:string":4,"iceandfire:dread_shard":4,"iceandfire:dragon_skull_fire":1,"iceandfire:dragonbone":10,"minecraft:bone":9,"minecraft:wheat":3,"iceandfire:witherbone":1,"tombstone:gift":1,"minecraft:rotten_flesh":8,"minecraft:clay_ball":3,"minecraft:iron_boots":2,"iceandfire:troll_tusk":1,"minecraft:chainmail_chestplate":2,"minecraft:rabbit_foot":2,"minecraft:rabbit_hide":2,"minecraft:diamond_sword":1,"iceandfire:sapphire_gem":2,"minecraft:potato":2,"supplementaries:ash":36,"luminousworld:grassflowers":1,"iceandfire:copper_sword":2,"minecraft:allium":2,"minecraft:diamond_pickaxe":1,"luminousworld:groundpebbles_1":3,"born_in_chaos_v1:spiny_shell":4,"born_in_chaos_v1:corpse_maggot":5,"ecologics:coconut_husk":2,"iceandfire:pixie_dust":2,"minecraft:spider_eye":3,"minecraft:slime_ball":1,"minecraft:arrow":1},"minecraft:mined":{"luminousworld:white_petunias":1,"minecraft:large_amethyst_bud":1,"minecraft:white_bed":5,"minecraft:mossy_cobblestone":1,"luminousworld:grassvariant_4":4,"minecraft:purple_candle":1,"minecraft:budding_amethyst":1,"minecraft:grass_block":5,"luminousworld:grassvariant_2":8,"iceandfire:dread_spawner":2,"luminousworld:yellow_grassflowers":1,"minecraft:fire":4,"minecraft:potatoes":1,"luminousworld:groundpebbles_2":1,"iceandfire:dread_stone_bricks_cracked":2,"minecraft:stone":18,"minecraft:white_wool":2,"minecraft:medium_amethyst_bud":1,"minecraft:amethyst_cluster":2,"minecraft:crafting_table":1,"minecraft:torch":1,"minecraft:tall_grass":2,"minecraft:diorite":1,"minecraft:amethyst_block":1,"ecologics:seashell":1,"minecraft:mud":3,"minecraft:birch_log":7,"minecraft:yellow_bed":2,"minecraft:grass":17,"minecraft:oak_log":1,"minecraft:sand":6,"minecraft:dirt":29,"luminousworld:grassvariant_3":2,"minecraft:cobweb":1,"iceandfire:dread_stone_bricks":2,"minecraft:oak_leaves":2},"minecraft:crafted":{"minecraft:oak_planks":4,"minecraft:glass":3,"minecraft:iron_axe":1,"minecraft:cooked_beef":8,"minecraft:glass_bottle":3,"minecraft:diamond_sword":2,"minecraft:crafting_table":2,"minecraft:birch_planks":28,"minecraft:bread":12,"minecraft:air":0,"minecraft:diamond_pickaxe":2,"minecraft:stick":8},"minecraft:picked_up":{"iceandfire:dread_stone_bricks":1,"minecraft:mud":2,"luminousworld:groundpebbles_1":5,"minecraft:iron_chestplate":1,"minecraft:wheat":2,"iceandfire:witherbone":1,"iceandfire:copper_sword":2,"ecologics:seashell":1,"minecraft:amethyst_block":1,"minecraft:string":4,"minecraft:item_frame":2,"minecraft:iron_leggings":2,"minecraft:armor_stand":1,"minecraft:experience_bottle":1,"minecraft:oak_sign":2,"minecraft:beef":35,"iceandfire:dread_knight_sword":1,"iceandfire:dread_shard":6,"minecraft:iron_boots":2,"iceandfire:pixie_dust":1,"iceandfire:dragonbone":19,"iceandfire:troll_tusk":1,"ecologics:coconut_slice":2,"minecraft:torch":2,"tombstone:grave_dust":2,"minecraft:diorite":1,"minecraft:rabbit_foot":3,"minecraft:purple_candle":4,"luminousworld:grassflowers":1,"minecraft:arrow":25,"minecraft:rotten_flesh":9,"luminousworld:yellow_grassflowers":1,"iceandfire:fire_dragon_heart":1,"born_in_chaos_v1:spiny_shell":4,"minecraft:gold_ingot":26,"supplementaries:ash":32,"minecraft:brick_stairs":2,"minecraft:mutton":10,"minecraft:snowball":5,"alexsmobs:flying_fish":1,"minecraft:white_wool":6,"minecraft:cobblestone":33,"minecraft:birch_log":7,"born_in_chaos_v1:corpse_maggot":10,"iceandfire:sapphire_gem":2,"born_in_chaos_v1:monster_flesh":1,"minecraft:leather":15,"minecraft:potato":2,"minecraft:birch_planks":20,"minecraft:chainmail_chestplate":3,"minecraft:oak_log":1,"luminousworld:raw_venison":2,"iceandfire:dread_stone_bricks_cracked":1,"minecraft:yellow_bed":2,"minecraft:dirt":54,"minecraft:bone":14,"minecraft:stone_bricks":4,"minecraft:bow":1,"minecraft:wheat_seeds":8,"minecraft:rabbit_hide":2,"minecraft:iron_ingot":5,"minecraft:honeycomb":3,"luminousworld:white_petunias":3,"iceandfire:fire_dragon_flesh":6,"minecraft:iron_sword":2,"iceandfire:ash":7,"iceandfire:dragon_skull_fire":1,"luminousworld:sunset_petunias":1,"minecraft:sand":6,"ecologics:coconut_husk":2,"minecraft:amethyst_shard":16,"minecraft:white_bed":5,"minecraft:spider_eye":4,"minecraft:mossy_cobblestone":1,"minecraft:bundle":1,"minecraft:slime_ball":1,"iceandfire:fire_dragon_blood":3,"minecraft:iron_helmet":1,"alexsmobs:maggot":2,"minecraft:coal":2}},"DataVersion":3465}