{"stats":{"minecraft:killed":{"minecraft:spider":3,"minecraft:creeper":2,"alexsmobs:blue_jay":1,"minecraft:zombie":1,"alexsmobs:terrapin":1,"minecraft:cow":4},"minecraft:mined":{"minecraft:crafting_table":3,"minecraft:torch":1,"minecraft:granite":16,"minecraft:grass_block":3,"minecraft:cobblestone":7,"minecraft:lapis_ore":2,"minecraft:diorite":29,"minecraft:birch_planks":1,"minecraft:furnace":2,"dynamictrees:dark_oak_leaves":1,"minecraft:iron_ore":26,"minecraft:andesite":3,"minecraft:grass":3,"minecraft:coal_ore":11,"minecraft:vine":1,"minecraft:dirt":11,"minecraft:stone":205},"minecraft:killed_by":{"minecraft:creeper":1,"iceandfire:ghost":1},"minecraft:dropped":{"minecraft:gravel":1,"minecraft:cooked_beef":6,"minecraft:dripstone_block":1,"minecraft:feather":1,"minecraft:cobblestone":2,"minecraft:flint":1,"minecraft:dirt":2,"minecraft:diorite":1,"minecraft:andesite":3,"minecraft:wooden_axe":1,"tombstone:grave_dust":1,"minecraft:wooden_sword":1,"minecraft:wooden_pickaxe":1,"minecraft:iron_pickaxe":1},"minecraft:broken":{"minecraft:stone_pickaxe":1,"minecraft:wooden_pickaxe":2},"minecraft:custom":{"minecraft:interact_with_furnace":11,"minecraft:mob_kills":12,"minecraft:interact_with_crafting_table":8,"minecraft:leave_game":1,"minecraft:time_since_death":4484,"minecraft:time_since_rest":3885,"minecraft:sprint_one_cm":130780,"minecraft:damage_taken":1084,"minecraft:walk_one_cm":62429,"minecraft:trigger_trapped_chest":1,"minecraft:drop":18,"minecraft:damage_dealt":1940,"minecraft:swim_one_cm":7175,"minecraft:fly_one_cm":199180,"minecraft:crouch_one_cm":8519,"minecraft:play_time":45044,"tombstone:undead_killed":1,"minecraft:deaths":2,"minecraft:sneak_time":4038,"minecraft:walk_under_water_one_cm":364,"minecraft:jump":1286,"minecraft:walk_on_water_one_cm":1469,"minecraft:total_world_time":45044,"minecraft:fall_one_cm":27780},"minecraft:crafted":{"minecraft:cooked_beef":5,"minecraft:wooden_sword":2,"minecraft:crafting_table":1,"minecraft:wooden_pickaxe":3,"minecraft:birch_planks":40,"minecraft:air":0,"minecraft:stick":28,"minecraft:iron_ingot":11,"minecraft:iron_pickaxe":2,"minecraft:stone_pickaxe":6,"minecraft:wooden_axe":2,"minecraft:stone_sword":2,"minecraft:torch":36},"minecraft:picked_up":{"minecraft:birch_log":10,"minecraft:crafting_table":3,"minecraft:feather":1,"minecraft:cooked_beef":8,"minecraft:andesite":3,"minecraft:leather":4,"minecraft:birch_planks":1,"minecraft:flint":1,"minecraft:lapis_lazuli":9,"minecraft:dirt":14,"minecraft:iron_ingot":2,"minecraft:beef":11,"dynamictrees:birch_seed":4,"minecraft:furnace":2,"minecraft:stick":14,"minecraft:raw_iron":39,"minecraft:torch":1,"minecraft:gravel":1,"minecraft:dripstone_block":1,"minecraft:pointed_dripstone":1,"minecraft:diorite":23,"minecraft:granite":16,"minecraft:coal":51,"minecraft:cobblestone":205},"minecraft:used":{"minecraft:diorite":3,"minecraft:stone_sword":22,"minecraft:birch_planks":4,"minecraft:stone_pickaxe":190,"minecraft:wooden_pickaxe":119,"minecraft:torch":37,"minecraft:dirt":3,"minecraft:crafting_table":3,"minecraft:granite":16,"minecraft:wooden_axe":13,"minecraft:wooden_sword":15,"minecraft:cobblestone":4,"minecraft:beef":6,"minecraft:furnace":1,"tombstone:gift":2,"alexsmobs:animal_dictionary":1,"minecraft:cooked_beef":7,"minecraft:pointed_dripstone":1}},"DataVersion":3465}