{"stats":{"minecraft:crafted":{"minecraft:oak_planks":8,"minecraft:cooked_mutton":6,"minecraft:iron_bars":16,"minecraft:glass":21,"minecraft:bow":1,"minecraft:iron_boots":2,"minecraft:chest":5,"minecraft:glass_bottle":21,"minecraft:crafting_table":3,"minecraft:wooden_pickaxe":3,"minecraft:iron_helmet":2,"minecraft:gold_block":6,"minecraft:birch_planks":124,"minecraft:iron_chestplate":1,"minecraft:stick":44,"minecraft:iron_ingot":122,"minecraft:iron_pickaxe":5,"minecraft:stone_sword":2,"minecraft:gold_ingot":59,"minecraft:wooden_sword":2,"minecraft:furnace":8,"minecraft:iron_axe":2,"minecraft:stone_pickaxe":6,"minecraft:wheat":162,"minecraft:cooked_beef":5,"minecraft:bread":54,"minecraft:air":0,"minecraft:wooden_axe":2,"minecraft:iron_leggings":2,"minecraft:white_bed":1,"minecraft:torch":132},"minecraft:custom":{"minecraft:interact_with_crafting_table":27,"minecraft:open_barrel":3,"minecraft:eat_cake_slice":5,"minecraft:leave_game":4,"minecraft:time_since_death":16569,"minecraft:sprint_one_cm":1190735,"minecraft:damage_blocked_by_shield":3135,"minecraft:drop":201,"minecraft:talked_to_villager":1,"minecraft:play_time":285567,"minecraft:deaths":49,"minecraft:jump":6872,"minecraft:walk_on_water_one_cm":16351,"minecraft:interact_with_furnace":64,"minecraft:sleep_in_bed":13,"minecraft:damage_dealt":25571,"minecraft:player_kills":1,"minecraft:crouch_one_cm":24312,"tombstone:undead_killed":89,"minecraft:interact_with_smithing_table":1,"minecraft:mob_kills":132,"minecraft:climb_one_cm":7930,"minecraft:walk_one_cm":426215,"minecraft:sneak_time":9169,"minecraft:walk_under_water_one_cm":6425,"minecraft:total_world_time":285567,"minecraft:pot_flower":1,"minecraft:time_since_rest":4713,"minecraft:damage_taken":17299,"minecraft:trigger_trapped_chest":3,"minecraft:swim_one_cm":48707,"minecraft:fly_one_cm":1609194,"minecraft:open_chest":154,"minecraft:fall_one_cm":150189},"minecraft:mined":{"minecraft:stone_pressure_plate":1,"minecraft:white_bed":8,"minecraft:granite":22,"minecraft:grass_block":6,"minecraft:spawner":20,"minecraft:iron_ore":53,"minecraft:fire":3,"minecraft:pumpkin":2,"minecraft:brown_bed":3,"minecraft:pointed_dripstone":2,"iceandfire:gold_pile":31,"minecraft:iron_bars":19,"minecraft:red_bed":7,"minecraft:torch":5,"minecraft:melon":6,"minecraft:cobblestone":24,"minecraft:oak_planks":20,"minecraft:iron_door":1,"minecraft:wall_torch":5,"minecraft:pitcher_plant":1,"minecraft:grass":33,"minecraft:oak_log":3,"minecraft:sand":22,"minecraft:dirt":12,"minecraft:deepslate":5,"minecraft:deepslate_tiles":1,"minecraft:light_gray_stained_glass_pane":2,"minecraft:mossy_cobblestone":14,"minecraft:hay_block":18,"minecraft:furnace":4,"dynamictrees:dark_oak_leaves":1,"minecraft:andesite":28,"minecraft:gold_block":2,"minecraft:deepslate_iron_ore":9,"minecraft:vine":5,"minecraft:stone":294,"valhelsia_structures:doused_wall_torch":1,"minecraft:crafting_table":4,"minecraft:tall_grass":2,"minecraft:lapis_ore":2,"minecraft:deepslate_gold_ore":19,"minecraft:diorite":50,"minecraft:spruce_stairs":1,"minecraft:birch_planks":7,"minecraft:yellow_bed":2,"minecraft:coal_ore":17,"minecraft:pitcher_crop":2,"minecraft:sunflower":2,"minecraft:gravel":2,"minecraft:dripstone_block":1,"minecraft:cobweb":2,"minecraft:cracked_stone_bricks":5,"minecraft:polished_andesite":1,"minecraft:stone_bricks":8,"minecraft:mossy_stone_bricks":16,"minecraft:gold_ore":4},"minecraft:killed_by":{"minecraft:wither_skeleton":1,"minecraft:creeper":2,"mutantmonsters:mutant_creeper":4,"minecraft:zombie":13,"iceandfire:fire_dragon":16,"minecraft:player":2,"minecraft:stray":4,"alexsmobs:bison":1,"minecraft:skeleton":4,"iceandfire:ghost":1},"minecraft:used":{"minecraft:iron_shovel":5,"minecraft:chest":5,"minecraft:shield":38,"minecraft:iron_sword":517,"minecraft:rotten_flesh":38,"minecraft:iron_chestplate":1,"minecraft:iron_helmet":1,"minecraft:stone_bricks":2,"minecraft:bow":54,"minecraft:furnace":10,"minecraft:mossy_stone_bricks":5,"minecraft:diorite":3,"minecraft:leather_leggings":1,"minecraft:stone_pickaxe":290,"minecraft:oak_planks":36,"minecraft:wooden_pickaxe":119,"minecraft:chainmail_helmet":1,"minecraft:white_wool":1,"minecraft:sand":1,"minecraft:pitcher_pod":2,"minecraft:deepslate_tiles":1,"minecraft:bread":21,"minecraft:melon_slice":18,"valhelsia_structures:doused_torch":1,"minecraft:iron_door":1,"minecraft:golden_helmet":2,"minecraft:wooden_sword":15,"minecraft:cooked_rabbit":3,"minecraft:iron_bars":16,"minecraft:stone_sword":55,"minecraft:torch":132,"minecraft:dirt":9,"minecraft:spruce_stairs":1,"minecraft:granite":16,"minecraft:wooden_axe":14,"minecraft:iron_axe":93,"minecraft:iron_boots":1,"minecraft:beef":11,"tombstone:gift":5,"minecraft:cooked_beef":18,"minecraft:iron_leggings":1,"minecraft:pointed_dripstone":1,"minecraft:brown_bed":3,"minecraft:cooked_mutton":6,"minecraft:birch_planks":15,"minecraft:glass_bottle":3,"minecraft:baked_potato":11,"minecraft:cracked_stone_bricks":1,"minecraft:mossy_cobblestone":7,"minecraft:crafting_table":7,"minecraft:red_bed":8,"minecraft:white_bed":8,"minecraft:sunflower":1,"minecraft:iron_pickaxe":263,"minecraft:cobblestone":151,"minecraft:potion":2,"minecraft:yellow_bed":2,"minecraft:pumpkin_pie":1,"alexsmobs:animal_dictionary":1},"minecraft:dropped":{"minecraft:spruce_sign":4,"minecraft:iron_sword":1,"minecraft:birch_planks":1,"minecraft:cooked_beef":6,"minecraft:glass_bottle":2,"iceandfire:ectoplasm":5,"minecraft:cracked_stone_bricks":3,"minecraft:leather_helmet":2,"alexsmobs:bison_fur":3,"minecraft:flint":7,"minecraft:dirt":20,"minecraft:gold_nugget":21,"minecraft:wooden_sword":2,"minecraft:sunflower":10,"iceandfire:ash":6,"minecraft:iron_pickaxe":2,"minecraft:white_wool":2,"minecraft:bone":67,"minecraft:gravel":12,"minecraft:white_tulip":1,"dynamictrees:oak_seed":1,"minecraft:golden_chestplate":1,"minecraft:cobbled_deepslate":5,"minecraft:pointed_dripstone":5,"tombstone:gift":1,"minecraft:rotten_flesh":12,"minecraft:diamond_shovel":1,"minecraft:carrot":3,"minecraft:tipped_arrow":3,"minecraft:gunpowder":1,"minecraft:leather_boots":2,"minecraft:chainmail_boots":1,"minecraft:leather_leggings":1,"minecraft:iron_bars":33,"minecraft:arrow":75,"minecraft:beef":9,"minecraft:bread":17,"minecraft:wheat_seeds":9,"dynamictrees:birch_seed":12,"minecraft:mossy_cobblestone":5,"minecraft:dripstone_block":2,"minecraft:feather":3,"minecraft:iron_helmet":1,"minecraft:cobblestone":56,"minecraft:granite":13,"minecraft:chainmail_helmet":1,"minecraft:coal":5,"minecraft:golden_apple":5,"minecraft:stick":23,"minecraft:oxeye_daisy":2,"minecraft:diorite":39,"minecraft:torch":20,"minecraft:wooden_axe":2,"tombstone:grave_dust":13,"minecraft:potion":3,"minecraft:iron_leggings":2,"minecraft:iron_shovel":1,"minecraft:string":20,"minecraft:furnace":2,"minecraft:stone_sword":2,"minecraft:dark_oak_sign":2,"minecraft:iron_boots":2,"minecraft:shield":2,"minecraft:allium":1,"minecraft:bundle":1,"minecraft:iron_chestplate":2,"minecraft:andesite":27,"minecraft:mossy_stone_bricks":6,"minecraft:spider_eye":2,"minecraft:stone_bricks":6,"minecraft:stone_pickaxe":5,"minecraft:bow":2,"iceandfire:fire_dragon_heart":2,"minecraft:wooden_pickaxe":1,"minecraft:red_tulip":2,"minecraft:cooked_rabbit":2},"minecraft:picked_up":{"minecraft:iron_chestplate":2,"minecraft:chainmail_boots":2,"minecraft:brown_bed":3,"minecraft:string":27,"minecraft:raw_copper":35,"minecraft:iron_leggings":1,"minecraft:deepslate_tiles":1,"minecraft:cobbled_deepslate":5,"minecraft:gold_nugget":304,"minecraft:white_tulip":1,"dynamictrees:oak_seed":1,"minecraft:iron_pickaxe":1,"minecraft:melon_slice":25,"minecraft:furnace":4,"minecraft:iron_boots":1,"minecraft:golden_helmet":4,"minecraft:tipped_arrow":3,"minecraft:stick":45,"minecraft:torch":31,"minecraft:spruce_stairs":1,"minecraft:pointed_dripstone":6,"tombstone:grave_dust":12,"minecraft:diorite":42,"minecraft:golden_chestplate":1,"minecraft:rotten_flesh":55,"iceandfire:fire_dragon_heart":2,"minecraft:iron_bars":34,"minecraft:cobblestone":309,"minecraft:birch_log":31,"minecraft:feather":3,"minecraft:cooked_beef":20,"minecraft:iron_door":1,"minecraft:andesite":27,"minecraft:golden_leggings":1,"alexsmobs:bison_fur":3,"minecraft:flint":6,"iceandfire:dragonscales_bronze":11,"minecraft:lapis_lazuli":9,"minecraft:dirt":29,"minecraft:leather_boots":2,"minecraft:bone":58,"minecraft:bow":3,"minecraft:wheat_seeds":5,"minecraft:raw_gold":23,"minecraft:dark_oak_sign":2,"minecraft:mossy_stone_bricks":13,"minecraft:diamond_helmet":1,"minecraft:pitcher_pod":2,"minecraft:oak_planks":11,"minecraft:cooked_porkchop":14,"minecraft:sand":22,"minecraft:mossy_cobblestone":12,"minecraft:bundle":1,"minecraft:granite":29,"minecraft:golden_apple":1,"minecraft:spruce_sign":4,"minecraft:chainmail_helmet":1,"minecraft:crafting_table":4,"minecraft:allium":1,"iceandfire:witherbone":19,"minecraft:leather_leggings":2,"minecraft:cooked_rabbit":2,"minecraft:gold_block":2,"minecraft:shield":2,"minecraft:red_bed":8,"minecraft:iron_axe":1,"minecraft:iron_shovel":1,"minecraft:cracked_stone_bricks":5,"minecraft:beef":25,"valhelsia_structures:doused_torch":1,"minecraft:raw_iron":73,"minecraft:arrow":116,"minecraft:hay_block":18,"tombstone:essence_of_undeath":1,"minecraft:mutton":7,"minecraft:white_wool":6,"minecraft:leather":4,"minecraft:birch_planks":10,"minecraft:oak_log":2,"minecraft:chainmail_chestplate":1,"minecraft:yellow_bed":2,"minecraft:gunpowder":3,"minecraft:cooked_mutton":9,"minecraft:stone_bricks":7,"minecraft:iron_ingot":3,"dynamictrees:birch_seed":12,"minecraft:pitcher_plant":1,"minecraft:pumpkin":2,"iceandfire:ash":2,"minecraft:dripstone_block":2,"minecraft:gravel":8,"minecraft:white_bed":8,"minecraft:spider_eye":4,"minecraft:leather_helmet":1,"mowziesmobs:naga_fang":1,"minecraft:diamond_shovel":3,"minecraft:chainmail_leggings":1,"tombstone:magic_scroll":1,"minecraft:coal":64,"minecraft:sunflower":6},"minecraft:broken":{"minecraft:golden_helmet":2,"minecraft:golden_boots":1,"minecraft:leather_leggings":1,"minecraft:iron_chestplate":2,"minecraft:chainmail_boots":1,"minecraft:stone_pickaxe":1,"minecraft:wooden_pickaxe":2,"minecraft:shield":1,"minecraft:iron_helmet":1},"minecraft:killed":{"minecraft:spider":15,"minecraft:skeleton":11,"minecraft:pig":1,"minecraft:creeper":3,"minecraft:sheep":4,"minecraft:zombie":38,"alexsmobs:terrapin":1,"minecraft:stray":14,"minecraft:cow":4,"mowziesmobs:naga":3,"alexsmobs:blue_jay":1,"iceandfire:fire_dragon":2,"alexsmobs:bison":1,"alexsmobs:rocky_roller":1,"alexsmobs:skunk":1,"iceandfire:ghost":1,"minecraft:wither_skeleton":25}},"DataVersion":3465}