{"stats":{"minecraft:killed":{"minecraft:spider":12,"minecraft:skeleton":8,"alexsmobs:blue_jay":1,"alexsmobs:rocky_roller":1,"minecraft:creeper":3,"minecraft:sheep":3,"minecraft:zombie":28,"alexsmobs:terrapin":1,"minecraft:stray":14,"minecraft:wither_skeleton":25,"minecraft:cow":4},"minecraft:mined":{"minecraft:stone_pressure_plate":1,"minecraft:white_bed":7,"minecraft:light_gray_stained_glass_pane":2,"minecraft:mossy_cobblestone":14,"minecraft:granite":22,"minecraft:grass_block":3,"minecraft:spawner":20,"minecraft:furnace":4,"dynamictrees:dark_oak_leaves":1,"minecraft:iron_ore":53,"minecraft:andesite":28,"minecraft:pointed_dripstone":2,"minecraft:vine":5,"minecraft:deepslate_iron_ore":9,"minecraft:iron_bars":19,"minecraft:stone":286,"minecraft:red_bed":2,"minecraft:crafting_table":3,"minecraft:torch":3,"minecraft:cobblestone":24,"minecraft:lapis_ore":2,"minecraft:deepslate_gold_ore":19,"minecraft:oak_planks":20,"minecraft:diorite":50,"minecraft:iron_door":1,"minecraft:wall_torch":5,"minecraft:birch_planks":3,"minecraft:pitcher_plant":1,"minecraft:grass":4,"minecraft:coal_ore":17,"minecraft:pitcher_crop":2,"minecraft:gravel":2,"minecraft:dirt":11,"minecraft:dripstone_block":1,"minecraft:cracked_stone_bricks":5,"minecraft:polished_andesite":1,"minecraft:stone_bricks":7,"minecraft:mossy_stone_bricks":16,"minecraft:gold_ore":4,"minecraft:deepslate":5},"minecraft:killed_by":{"minecraft:player":2,"minecraft:wither_skeleton":1,"minecraft:stray":4,"minecraft:creeper":2,"minecraft:skeleton":1,"minecraft:zombie":11,"iceandfire:ghost":1},"minecraft:dropped":{"minecraft:iron_sword":1,"minecraft:birch_planks":1,"minecraft:cooked_beef":6,"dynamictrees:birch_seed":9,"minecraft:mossy_cobblestone":5,"minecraft:glass_bottle":2,"minecraft:dripstone_block":2,"minecraft:feather":3,"minecraft:iron_helmet":1,"minecraft:cobblestone":56,"minecraft:granite":13,"iceandfire:ectoplasm":5,"minecraft:cracked_stone_bricks":3,"minecraft:coal":5,"minecraft:leather_helmet":2,"minecraft:golden_apple":5,"minecraft:flint":1,"minecraft:dirt":11,"minecraft:diorite":39,"minecraft:wooden_axe":2,"tombstone:grave_dust":10,"minecraft:iron_leggings":2,"minecraft:wooden_sword":2,"minecraft:iron_pickaxe":2,"minecraft:iron_shovel":1,"minecraft:string":18,"minecraft:white_wool":2,"minecraft:bone":60,"minecraft:gravel":2,"minecraft:furnace":2,"minecraft:golden_chestplate":1,"minecraft:stone_sword":2,"minecraft:cobbled_deepslate":5,"minecraft:pointed_dripstone":5,"tombstone:gift":1,"minecraft:rotten_flesh":12,"minecraft:iron_boots":2,"minecraft:diamond_shovel":1,"minecraft:carrot":1,"minecraft:tipped_arrow":3,"minecraft:shield":2,"minecraft:bundle":1,"minecraft:iron_chestplate":2,"minecraft:andesite":27,"minecraft:mossy_stone_bricks":6,"minecraft:chainmail_boots":1,"minecraft:leather_boots":2,"minecraft:leather_leggings":1,"minecraft:spider_eye":2,"minecraft:stone_bricks":3,"minecraft:arrow":75,"minecraft:iron_bars":17,"minecraft:bow":2,"minecraft:stone_pickaxe":5,"minecraft:wooden_pickaxe":1,"minecraft:cooked_rabbit":2},"minecraft:broken":{"minecraft:golden_helmet":2,"minecraft:leather_leggings":1,"minecraft:iron_chestplate":1,"minecraft:chainmail_boots":1,"minecraft:wooden_pickaxe":2,"minecraft:stone_pickaxe":1},"minecraft:custom":{"minecraft:mob_kills":105,"minecraft:interact_with_crafting_table":17,"minecraft:eat_cake_slice":5,"minecraft:leave_game":2,"minecraft:time_since_death":3493,"minecraft:climb_one_cm":5710,"minecraft:sprint_one_cm":743562,"minecraft:walk_one_cm":295277,"minecraft:damage_blocked_by_shield":1965,"minecraft:drop":150,"minecraft:play_time":182478,"minecraft:deaths":23,"minecraft:sneak_time":8365,"minecraft:walk_under_water_one_cm":3462,"minecraft:jump":2828,"minecraft:walk_on_water_one_cm":10402,"minecraft:total_world_time":182478,"minecraft:interact_with_furnace":47,"minecraft:sleep_in_bed":3,"minecraft:time_since_rest":947,"minecraft:damage_taken":9585,"minecraft:trigger_trapped_chest":1,"minecraft:damage_dealt":18681,"minecraft:swim_one_cm":8849,"minecraft:fly_one_cm":536759,"minecraft:player_kills":1,"minecraft:open_chest":111,"minecraft:crouch_one_cm":21485,"tombstone:undead_killed":75,"minecraft:fall_one_cm":56240},"minecraft:crafted":{"minecraft:wooden_sword":2,"minecraft:furnace":7,"minecraft:cooked_mutton":6,"minecraft:iron_bars":16,"minecraft:iron_boots":2,"minecraft:iron_axe":2,"minecraft:stone_pickaxe":6,"minecraft:cooked_beef":5,"minecraft:crafting_table":1,"minecraft:wooden_pickaxe":3,"minecraft:iron_helmet":2,"minecraft:birch_planks":60,"minecraft:air":0,"minecraft:iron_chestplate":1,"minecraft:stick":36,"minecraft:iron_ingot":96,"minecraft:iron_pickaxe":5,"minecraft:wooden_axe":2,"minecraft:stone_sword":2,"minecraft:iron_leggings":2,"minecraft:white_bed":1,"minecraft:torch":48},"minecraft:picked_up":{"minecraft:iron_chestplate":2,"minecraft:crafting_table":3,"minecraft:chainmail_boots":2,"iceandfire:witherbone":19,"minecraft:leather_leggings":2,"minecraft:cooked_rabbit":2,"minecraft:shield":2,"minecraft:iron_axe":1,"minecraft:red_bed":2,"minecraft:string":22,"minecraft:raw_copper":35,"minecraft:iron_leggings":1,"minecraft:iron_shovel":1,"minecraft:cracked_stone_bricks":5,"minecraft:cobbled_deepslate":5,"minecraft:beef":11,"minecraft:furnace":4,"minecraft:iron_boots":1,"minecraft:tipped_arrow":3,"minecraft:golden_helmet":4,"minecraft:stick":16,"minecraft:raw_iron":73,"minecraft:torch":9,"tombstone:grave_dust":9,"minecraft:pointed_dripstone":6,"minecraft:diorite":42,"minecraft:golden_chestplate":1,"minecraft:arrow":110,"minecraft:rotten_flesh":41,"tombstone:essence_of_undeath":1,"minecraft:mutton":4,"minecraft:iron_bars":18,"minecraft:cobblestone":301,"minecraft:white_wool":5,"minecraft:birch_log":15,"minecraft:feather":3,"minecraft:cooked_beef":14,"minecraft:iron_door":1,"minecraft:andesite":27,"minecraft:leather":4,"minecraft:golden_leggings":1,"minecraft:birch_planks":6,"minecraft:flint":1,"minecraft:chainmail_chestplate":1,"minecraft:gunpowder":2,"minecraft:lapis_lazuli":9,"minecraft:dirt":14,"minecraft:leather_boots":2,"minecraft:bone":58,"minecraft:stone_bricks":4,"minecraft:bow":3,"minecraft:raw_gold":23,"minecraft:iron_ingot":2,"dynamictrees:birch_seed":9,"minecraft:mossy_stone_bricks":13,"minecraft:diamond_helmet":1,"minecraft:pitcher_pod":2,"minecraft:oak_planks":11,"minecraft:pitcher_plant":1,"minecraft:gravel":2,"minecraft:dripstone_block":2,"minecraft:leather_helmet":1,"minecraft:white_bed":6,"minecraft:spider_eye":4,"minecraft:mossy_cobblestone":12,"minecraft:bundle":1,"minecraft:diamond_shovel":3,"minecraft:chainmail_leggings":1,"minecraft:granite":29,"minecraft:golden_apple":1,"minecraft:chainmail_helmet":1,"tombstone:magic_scroll":1,"minecraft:coal":64},"minecraft:used":{"minecraft:iron_bars":16,"minecraft:stone_sword":55,"minecraft:iron_shovel":2,"minecraft:shield":23,"minecraft:iron_sword":337,"minecraft:rotten_flesh":24,"minecraft:torch":130,"minecraft:dirt":3,"minecraft:granite":16,"minecraft:wooden_axe":14,"minecraft:iron_axe":68,"minecraft:stone_bricks":2,"minecraft:beef":6,"minecraft:furnace":9,"tombstone:gift":5,"minecraft:cooked_beef":18,"minecraft:pointed_dripstone":1,"minecraft:cooked_mutton":6,"minecraft:mossy_stone_bricks":5,"minecraft:diorite":3,"minecraft:leather_leggings":1,"minecraft:birch_planks":11,"minecraft:baked_potato":11,"minecraft:stone_pickaxe":290,"minecraft:oak_planks":36,"minecraft:wooden_pickaxe":119,"minecraft:cracked_stone_bricks":1,"minecraft:mossy_cobblestone":7,"minecraft:pitcher_pod":2,"minecraft:crafting_table":4,"minecraft:red_bed":2,"minecraft:white_bed":7,"minecraft:iron_pickaxe":219,"minecraft:iron_door":1,"minecraft:golden_helmet":2,"minecraft:wooden_sword":15,"minecraft:cobblestone":151,"minecraft:potion":2,"minecraft:cooked_rabbit":2,"alexsmobs:animal_dictionary":1}},"DataVersion":3465}