{"stats":{"minecraft:picked_up":{"dynamictrees:birch_seed":1,"minecraft:stick":18,"minecraft:birch_log":10},"minecraft:used":{"minecraft:birch_log":2,"alexsmobs:animal_dictionary":6},"minecraft:custom":{"minecraft:jump":198,"minecraft:time_since_rest":11431,"minecraft:walk_on_water_one_cm":684,"minecraft:damage_taken":40,"minecraft:sprint_one_cm":40041,"minecraft:play_time":11431,"minecraft:time_since_death":11431,"minecraft:walk_one_cm":26928,"minecraft:sneak_time":6,"minecraft:total_world_time":11431,"minecraft:walk_under_water_one_cm":319,"minecraft:swim_one_cm":3613,"minecraft:fall_one_cm":4467,"minecraft:fly_one_cm":269469,"minecraft:open_chest":3},"minecraft:mined":{"minecraft:birch_log":2,"minecraft:grass":10,"minecraft:birch_leaves":2}},"DataVersion":3465}