{"stats":{"minecraft:custom":{"minecraft:time_since_rest":5253,"minecraft:crouch_one_cm":1863,"minecraft:play_time":5253,"minecraft:sprint_one_cm":14685,"minecraft:walk_one_cm":3077,"minecraft:sneak_time":671,"minecraft:walk_under_water_one_cm":39,"minecraft:drop":3,"minecraft:jump":100,"minecraft:time_since_death":5253,"minecraft:walk_on_water_one_cm":153,"minecraft:total_world_time":5253,"minecraft:swim_one_cm":523,"minecraft:interact_with_crafting_table":1,"minecraft:fall_one_cm":3253,"minecraft:fly_one_cm":29838},"minecraft:used":{"minecraft:crafting_table":1,"alexsmobs:animal_dictionary":1},"minecraft:crafted":{"minecraft:wooden_sword":2,"minecraft:birch_planks":36,"minecraft:crafting_table":1,"minecraft:wooden_pickaxe":3,"minecraft:wooden_axe":2},"minecraft:picked_up":{"minecraft:birch_log":9,"minecraft:stick":14,"dynamictrees:birch_seed":3},"minecraft:dropped":{"minecraft:wooden_sword":1,"minecraft:wooden_pickaxe":1,"minecraft:wooden_axe":1}},"DataVersion":3465}