{"stats":{"minecraft:picked_up":{"minecraft:crafting_table":3,"minecraft:clay_ball":3,"dynamictrees:spruce_seed":7,"minecraft:wooden_pickaxe":1,"minecraft:enchanted_book":1,"minecraft:moss_carpet":1,"minecraft:dirt":28,"minecraft:stone_pickaxe":1,"minecraft:cobblestone_slab":12,"minecraft:flowering_azalea":1,"minecraft:furnace":2,"minecraft:stick":15,"minecraft:raw_iron":1,"minecraft:sweet_berries":9,"minecraft:torch":3,"tombstone:grave_dust":1,"minecraft:diorite":2,"minecraft:spruce_log":12,"minecraft:mossy_cobblestone":5,"minecraft:arrow":1,"minecraft:rotten_flesh":16,"minecraft:glow_berries":10,"valhelsia_structures:unlit_lantern":1,"minecraft:coal":20,"iceandfire:raw_silver":9,"minecraft:cobblestone":44},"minecraft:killed_by":{"minecraft:skeleton":1},"minecraft:custom":{"minecraft:interact_with_furnace":9,"minecraft:mob_kills":17,"minecraft:interact_with_crafting_table":8,"minecraft:time_since_death":960,"minecraft:time_since_rest":214,"minecraft:sprint_one_cm":116404,"minecraft:damage_taken":660,"minecraft:walk_one_cm":53747,"minecraft:drop":21,"minecraft:damage_dealt":3583,"minecraft:swim_one_cm":8947,"minecraft:fly_one_cm":150700,"minecraft:open_chest":3,"minecraft:crouch_one_cm":14878,"minecraft:deaths":1,"tombstone:undead_killed":14,"minecraft:play_time":27655,"minecraft:sneak_time":4825,"minecraft:walk_under_water_one_cm":1003,"minecraft:jump":789,"minecraft:walk_on_water_one_cm":2431,"minecraft:total_world_time":27655,"minecraft:fall_one_cm":18744},"minecraft:dropped":{"minecraft:stone_axe":1,"minecraft:mossy_cobblestone":5,"minecraft:wheat":2,"minecraft:cobblestone":14,"minecraft:rotten_flesh":1,"minecraft:clay_ball":3,"minecraft:dirt":2,"minecraft:cobblestone_slab":18,"minecraft:diorite":2,"minecraft:spruce_planks":1,"minecraft:wooden_axe":1,"minecraft:melon_seeds":3,"tombstone:grave_dust":1,"minecraft:stone_pickaxe":1,"minecraft:wooden_pickaxe":2},"minecraft:used":{"minecraft:moss_carpet":1,"dynamictrees:spruce_seed":3,"valhelsia_structures:unlit_lantern":1,"minecraft:stone_sword":81,"minecraft:stone_pickaxe":76,"minecraft:wooden_pickaxe":11,"minecraft:rotten_flesh":23,"minecraft:torch":25,"minecraft:glow_berries":13,"minecraft:dirt":4,"minecraft:crafting_table":4,"minecraft:wooden_axe":1,"minecraft:flowering_azalea":1,"minecraft:stone_axe":4,"minecraft:cobblestone":5,"minecraft:sweet_berries":14,"minecraft:furnace":3,"tombstone:gift":2},"minecraft:killed":{"minecraft:zombie_villager":1,"minecraft:spider":2,"minecraft:zombie":13},"minecraft:crafted":{"minecraft:cobblestone_slab":6,"iceandfire:silver_ingot":3,"minecraft:crafting_table":1,"minecraft:spruce_planks":48,"minecraft:wooden_pickaxe":1,"minecraft:furnace":1,"minecraft:stone_axe":2,"minecraft:air":0,"minecraft:stick":16,"minecraft:iron_ingot":1,"minecraft:stone_pickaxe":2,"minecraft:wooden_axe":1,"minecraft:stone_sword":1,"minecraft:torch":44},"minecraft:mined":{"valhelsia_structures:unlit_lantern":1,"minecraft:flowering_azalea":1,"iceandfire:silver_ore":9,"minecraft:mossy_cobblestone":5,"minecraft:crafting_table":3,"minecraft:torch":1,"minecraft:cave_vines_plant":5,"minecraft:tall_grass":2,"minecraft:cobblestone":1,"minecraft:diorite":3,"minecraft:wall_torch":1,"minecraft:furnace":2,"minecraft:iron_ore":1,"valhelsia_structures:cracked_big_glazed_jar":1,"minecraft:moss_carpet":1,"dynamictrees:spruce_leaves":1,"minecraft:coal_ore":20,"valhelsia_structures:cracked_glazed_jar":1,"minecraft:cave_vines":14,"dynamictrees:flowering_azalea_leaves":1,"minecraft:stone":42,"minecraft:fern":2}},"DataVersion":3465}