{"stats":{"minecraft:killed":{"minecraft:spider":9,"minecraft:skeleton":6,"alexsmobs:blue_jay":1,"minecraft:creeper":3,"minecraft:sheep":3,"minecraft:zombie":19,"alexsmobs:terrapin":1,"minecraft:stray":8,"minecraft:wither_skeleton":24,"minecraft:cow":4},"minecraft:mined":{"minecraft:stone_pressure_plate":1,"minecraft:white_bed":2,"minecraft:light_gray_stained_glass_pane":2,"minecraft:mossy_cobblestone":14,"minecraft:granite":22,"minecraft:grass_block":3,"minecraft:spawner":11,"minecraft:furnace":4,"dynamictrees:dark_oak_leaves":1,"minecraft:iron_ore":53,"minecraft:andesite":28,"minecraft:pointed_dripstone":2,"minecraft:vine":3,"minecraft:deepslate_iron_ore":9,"minecraft:iron_bars":14,"minecraft:stone":285,"minecraft:red_bed":1,"minecraft:crafting_table":3,"minecraft:torch":3,"minecraft:cobblestone":24,"minecraft:lapis_ore":2,"minecraft:deepslate_gold_ore":19,"minecraft:oak_planks":20,"minecraft:diorite":50,"minecraft:iron_door":1,"minecraft:wall_torch":4,"minecraft:birch_planks":3,"minecraft:pitcher_plant":1,"minecraft:grass":4,"minecraft:coal_ore":17,"minecraft:pitcher_crop":2,"minecraft:gravel":2,"minecraft:dirt":11,"minecraft:dripstone_block":1,"minecraft:cracked_stone_bricks":5,"minecraft:stone_bricks":7,"minecraft:mossy_stone_bricks":16,"minecraft:gold_ore":4,"minecraft:deepslate":5},"minecraft:killed_by":{"minecraft:player":1,"minecraft:wither_skeleton":1,"minecraft:stray":3,"minecraft:creeper":1,"minecraft:skeleton":1,"minecraft:zombie":4,"iceandfire:ghost":1},"minecraft:dropped":{"minecraft:birch_planks":1,"minecraft:cooked_beef":6,"dynamictrees:birch_seed":9,"minecraft:mossy_cobblestone":5,"minecraft:glass_bottle":1,"minecraft:dripstone_block":2,"minecraft:feather":3,"minecraft:iron_helmet":1,"minecraft:cobblestone":56,"minecraft:granite":13,"minecraft:cracked_stone_bricks":3,"minecraft:coal":5,"minecraft:leather_helmet":2,"minecraft:flint":1,"minecraft:dirt":11,"minecraft:diorite":39,"minecraft:wooden_axe":2,"tombstone:grave_dust":8,"minecraft:iron_leggings":2,"minecraft:wooden_sword":2,"minecraft:iron_pickaxe":2,"minecraft:iron_shovel":1,"minecraft:white_wool":2,"minecraft:bone":34,"minecraft:gravel":2,"minecraft:furnace":2,"minecraft:golden_chestplate":1,"minecraft:stone_sword":2,"minecraft:cobbled_deepslate":5,"minecraft:pointed_dripstone":3,"tombstone:gift":1,"minecraft:rotten_flesh":2,"minecraft:iron_boots":2,"minecraft:carrot":1,"minecraft:tipped_arrow":3,"minecraft:shield":1,"minecraft:bundle":1,"minecraft:iron_chestplate":2,"minecraft:andesite":27,"minecraft:mossy_stone_bricks":6,"minecraft:chainmail_boots":1,"minecraft:leather_boots":2,"minecraft:stone_bricks":3,"minecraft:arrow":19,"minecraft:iron_bars":17,"minecraft:bow":2,"minecraft:stone_pickaxe":5,"minecraft:wooden_pickaxe":1},"minecraft:broken":{"minecraft:golden_helmet":2,"minecraft:leather_leggings":1,"minecraft:wooden_pickaxe":2,"minecraft:stone_pickaxe":1},"minecraft:custom":{"minecraft:mob_kills":83,"minecraft:interact_with_crafting_table":17,"minecraft:leave_game":2,"minecraft:time_since_death":2699,"minecraft:climb_one_cm":1187,"minecraft:sprint_one_cm":529650,"minecraft:walk_one_cm":234966,"minecraft:damage_blocked_by_shield":795,"minecraft:drop":113,"minecraft:play_time":158478,"minecraft:deaths":13,"minecraft:sneak_time":8240,"minecraft:walk_under_water_one_cm":3462,"minecraft:jump":2484,"minecraft:walk_on_water_one_cm":6096,"minecraft:total_world_time":158478,"minecraft:interact_with_furnace":47,"minecraft:time_since_rest":2467,"minecraft:damage_taken":6418,"minecraft:trigger_trapped_chest":1,"minecraft:damage_dealt":14375,"minecraft:swim_one_cm":8849,"minecraft:fly_one_cm":478557,"minecraft:player_kills":1,"minecraft:open_chest":79,"minecraft:crouch_one_cm":21049,"tombstone:undead_killed":57,"minecraft:fall_one_cm":54999},"minecraft:crafted":{"minecraft:wooden_sword":2,"minecraft:furnace":7,"minecraft:cooked_mutton":6,"minecraft:iron_bars":16,"minecraft:iron_boots":2,"minecraft:iron_axe":2,"minecraft:stone_pickaxe":6,"minecraft:cooked_beef":5,"minecraft:crafting_table":1,"minecraft:wooden_pickaxe":3,"minecraft:iron_helmet":2,"minecraft:birch_planks":60,"minecraft:air":0,"minecraft:iron_chestplate":1,"minecraft:stick":36,"minecraft:iron_ingot":96,"minecraft:iron_pickaxe":5,"minecraft:wooden_axe":2,"minecraft:stone_sword":2,"minecraft:iron_leggings":2,"minecraft:white_bed":1,"minecraft:torch":48},"minecraft:picked_up":{"minecraft:iron_chestplate":2,"minecraft:crafting_table":3,"minecraft:chainmail_boots":2,"iceandfire:witherbone":19,"minecraft:leather_leggings":1,"minecraft:shield":1,"minecraft:red_bed":1,"minecraft:string":4,"minecraft:raw_copper":35,"minecraft:iron_leggings":1,"minecraft:iron_shovel":1,"minecraft:cracked_stone_bricks":5,"minecraft:cobbled_deepslate":5,"minecraft:beef":11,"minecraft:furnace":4,"minecraft:iron_boots":1,"minecraft:tipped_arrow":3,"minecraft:golden_helmet":4,"minecraft:stick":16,"minecraft:raw_iron":73,"minecraft:torch":8,"tombstone:grave_dust":7,"minecraft:pointed_dripstone":4,"minecraft:diorite":42,"minecraft:golden_chestplate":1,"minecraft:arrow":43,"minecraft:rotten_flesh":19,"tombstone:essence_of_undeath":1,"minecraft:mutton":4,"minecraft:iron_bars":13,"minecraft:cobblestone":301,"minecraft:white_wool":5,"minecraft:birch_log":15,"minecraft:feather":3,"minecraft:cooked_beef":13,"minecraft:iron_door":1,"minecraft:andesite":27,"minecraft:leather":4,"minecraft:golden_leggings":1,"minecraft:birch_planks":6,"minecraft:flint":1,"minecraft:chainmail_chestplate":1,"minecraft:gunpowder":2,"minecraft:lapis_lazuli":9,"minecraft:dirt":14,"minecraft:leather_boots":2,"minecraft:bone":49,"minecraft:stone_bricks":4,"minecraft:bow":3,"minecraft:raw_gold":23,"minecraft:iron_ingot":2,"dynamictrees:birch_seed":9,"minecraft:mossy_stone_bricks":13,"minecraft:pitcher_pod":2,"minecraft:oak_planks":11,"minecraft:pitcher_plant":1,"minecraft:gravel":2,"minecraft:dripstone_block":2,"minecraft:leather_helmet":1,"minecraft:white_bed":2,"minecraft:spider_eye":2,"minecraft:mossy_cobblestone":12,"minecraft:bundle":1,"minecraft:granite":29,"tombstone:magic_scroll":1,"minecraft:coal":64},"minecraft:used":{"minecraft:iron_bars":11,"minecraft:stone_sword":55,"minecraft:iron_shovel":2,"minecraft:shield":9,"minecraft:iron_sword":208,"minecraft:rotten_flesh":8,"minecraft:torch":126,"minecraft:dirt":3,"minecraft:granite":16,"minecraft:wooden_axe":14,"minecraft:iron_axe":68,"minecraft:stone_bricks":2,"minecraft:beef":6,"minecraft:furnace":9,"tombstone:gift":5,"minecraft:cooked_beef":17,"minecraft:pointed_dripstone":1,"minecraft:cooked_mutton":6,"minecraft:mossy_stone_bricks":5,"minecraft:diorite":3,"minecraft:leather_leggings":1,"minecraft:birch_planks":11,"minecraft:baked_potato":11,"minecraft:stone_pickaxe":290,"minecraft:oak_planks":36,"minecraft:wooden_pickaxe":119,"minecraft:cracked_stone_bricks":1,"minecraft:mossy_cobblestone":7,"minecraft:pitcher_pod":2,"minecraft:crafting_table":4,"minecraft:red_bed":1,"minecraft:white_bed":3,"minecraft:iron_pickaxe":199,"minecraft:iron_door":1,"minecraft:golden_helmet":2,"minecraft:wooden_sword":15,"minecraft:cobblestone":151,"minecraft:potion":1,"minecraft:cooked_rabbit":1,"alexsmobs:animal_dictionary":1}},"DataVersion":3465}