{"stats":{"minecraft:crafted":{"minecraft:wooden_sword":1,"minecraft:oak_planks":32,"minecraft:raw_iron":45,"minecraft:coal":27,"minecraft:crafting_table":2,"minecraft:iron_sword":1,"minecraft:furnace":1,"minecraft:bread":15,"minecraft:stick":36,"minecraft:iron_pickaxe":1,"minecraft:wooden_axe":1,"minecraft:torch":152},"minecraft:dropped":{"minecraft:bread":13,"minecraft:moss_block":3,"valhelsia_structures:cut_oak_post":3,"minecraft:wheat":2,"minecraft:carrot":6,"iceandfire:pixie_dust":2,"tombstone:grave_dust":1,"minecraft:beef":7},"minecraft:custom":{"minecraft:interact_with_furnace":7,"minecraft:interact_with_anvil":1,"minecraft:mob_kills":31,"tombstone:raider_killed":2,"minecraft:interact_with_crafting_table":5,"minecraft:eat_cake_slice":3,"minecraft:leave_game":4,"minecraft:time_since_death":17350,"minecraft:sleep_in_bed":1,"minecraft:climb_one_cm":1046,"minecraft:time_since_rest":16845,"minecraft:sprint_one_cm":231016,"minecraft:damage_taken":1634,"minecraft:walk_one_cm":72710,"minecraft:trigger_trapped_chest":1,"minecraft:drop":14,"minecraft:damage_dealt":5094,"minecraft:swim_one_cm":23376,"minecraft:talked_to_villager":3,"minecraft:fly_one_cm":462252,"minecraft:open_chest":8,"minecraft:crouch_one_cm":10097,"minecraft:play_time":50165,"tombstone:undead_killed":9,"minecraft:deaths":2,"minecraft:sneak_time":3104,"minecraft:walk_under_water_one_cm":4464,"minecraft:jump":1876,"minecraft:interact_with_blast_furnace":1,"minecraft:walk_on_water_one_cm":11006,"minecraft:total_world_time":50165,"minecraft:fall_one_cm":46063},"minecraft:picked_up":{"minecraft:crafting_table":2,"minecraft:leather":7,"dynamictrees:spruce_seed":1,"minecraft:oak_log":15,"iceandfire:ectoplasm":2,"minecraft:gunpowder":1,"minecraft:dirt":4,"minecraft:bone":1,"valhelsia_structures:oak_post":2,"minecraft:spruce_planks":1,"minecraft:beef":21,"dynamictrees:oak_seed":7,"minecraft:coal_block":3,"minecraft:oak_planks":23,"iceandfire:pixie_dust":3,"minecraft:stick":19,"minecraft:raw_iron":63,"minecraft:dark_oak_slab":1,"minecraft:torch":1,"minecraft:raw_iron_block":5,"valhelsia_structures:cut_oak_post":3,"minecraft:porkchop":2,"minecraft:arrow":2,"minecraft:rotten_flesh":7,"minecraft:chainmail_leggings":1,"minecraft:hay_block":1,"alexsmobs:maggot":3,"tombstone:magic_scroll":1,"minecraft:coal":22,"iceandfire:raw_silver":3,"minecraft:cobblestone":12},"minecraft:killed":{"minecraft:pig":2,"alexsmobs:raccoon":1,"minecraft:creeper":2,"alexsmobs:sugar_glider":2,"minecraft:skeleton":2,"minecraft:pillager":2,"minecraft:zombie":5,"iceandfire:ghost":2,"alexsmobs:bison":1,"alexsmobs:fly":2,"iceandfire:pixie":3,"minecraft:cow":7},"minecraft:broken":{"minecraft:wooden_sword":1},"minecraft:mined":{"minecraft:spruce_planks":1,"iceandfire:silver_ore":3,"minecraft:crafting_table":2,"minecraft:glow_lichen":4,"minecraft:dark_oak_fence":2,"minecraft:grass_block":6,"valhelsia_structures:oak_post":2,"minecraft:coal_block":3,"minecraft:tall_grass":1,"minecraft:cobblestone":1,"minecraft:wall_torch":1,"minecraft:tall_seagrass":1,"minecraft:raw_iron_block":5,"minecraft:dark_oak_slab":1,"minecraft:iron_ore":19,"dynamictrees:dark_oak_root":1,"dynamictrees:spruce_leaves":1,"minecraft:grass":8,"minecraft:coal_ore":27,"minecraft:dirt":1,"valhelsia_structures:cut_oak_post":2,"minecraft:stone":11},"minecraft:killed_by":{"minecraft:player":1,"alexsmobs:bison":1},"minecraft:used":{"dynamictrees:spruce_seed":1,"minecraft:oak_planks":1,"minecraft:spruce_planks":1,"minecraft:iron_sword":55,"minecraft:rotten_flesh":7,"minecraft:iron_chestplate":1,"minecraft:torch":25,"minecraft:dirt":4,"minecraft:crafting_table":4,"minecraft:carrot":3,"minecraft:crossbow":4,"minecraft:wooden_axe":20,"alexsmobs:maggot":3,"minecraft:apple":13,"minecraft:lava_bucket":1,"minecraft:iron_pickaxe":71,"minecraft:bread":5,"minecraft:iron_helmet":1,"minecraft:dark_oak_slab":1,"minecraft:wooden_sword":64,"minecraft:cobblestone":2,"minecraft:beef":14,"minecraft:furnace":1,"minecraft:porkchop":2,"minecraft:bucket":1,"tombstone:gift":1,"minecraft:potato":14}},"DataVersion":3465}