{"stats":{"minecraft:killed":{"minecraft:spider":3,"minecraft:creeper":2,"minecraft:sheep":3,"minecraft:skeleton":2,"minecraft:zombie":5,"alexsmobs:blue_jay":1,"alexsmobs:terrapin":1,"minecraft:cow":4},"minecraft:mined":{"minecraft:crafting_table":3,"minecraft:torch":2,"minecraft:granite":22,"minecraft:grass_block":3,"minecraft:cobblestone":11,"minecraft:deepslate_gold_ore":19,"minecraft:lapis_ore":2,"minecraft:diorite":36,"minecraft:wall_torch":1,"minecraft:birch_planks":1,"minecraft:furnace":4,"dynamictrees:dark_oak_leaves":1,"minecraft:iron_ore":53,"minecraft:andesite":28,"minecraft:grass":4,"minecraft:pointed_dripstone":2,"minecraft:coal_ore":17,"minecraft:deepslate_iron_ore":9,"minecraft:vine":1,"minecraft:dripstone_block":1,"minecraft:dirt":11,"minecraft:stone":254,"minecraft:gold_ore":4,"minecraft:deepslate":5},"minecraft:killed_by":{"minecraft:player":1,"minecraft:creeper":1,"iceandfire:ghost":1},"minecraft:dropped":{"minecraft:gravel":1,"minecraft:birch_planks":1,"minecraft:cooked_beef":6,"minecraft:stone_sword":2,"minecraft:cobbled_deepslate":5,"minecraft:dripstone_block":2,"minecraft:pointed_dripstone":3,"minecraft:iron_helmet":1,"minecraft:feather":3,"minecraft:cobblestone":6,"minecraft:iron_boots":1,"minecraft:granite":13,"minecraft:flint":1,"minecraft:dirt":11,"minecraft:diorite":27,"minecraft:iron_chestplate":1,"minecraft:wooden_axe":1,"minecraft:andesite":27,"minecraft:iron_leggings":2,"tombstone:grave_dust":3,"minecraft:wooden_sword":2,"minecraft:iron_bars":16,"minecraft:stone_pickaxe":4,"minecraft:wooden_pickaxe":1,"minecraft:iron_pickaxe":1,"minecraft:white_wool":2,"minecraft:bone":2},"minecraft:broken":{"minecraft:stone_pickaxe":1,"minecraft:wooden_pickaxe":2},"minecraft:custom":{"minecraft:interact_with_furnace":42,"minecraft:mob_kills":21,"minecraft:interact_with_crafting_table":17,"minecraft:leave_game":2,"minecraft:time_since_death":55359,"minecraft:time_since_rest":52960,"minecraft:sprint_one_cm":184116,"minecraft:damage_taken":2086,"minecraft:walk_one_cm":95990,"minecraft:trigger_trapped_chest":1,"minecraft:drop":49,"minecraft:damage_dealt":3264,"minecraft:swim_one_cm":7175,"minecraft:player_kills":1,"minecraft:fly_one_cm":358552,"minecraft:play_time":104478,"minecraft:crouch_one_cm":15023,"minecraft:sneak_time":5992,"tombstone:undead_killed":7,"minecraft:deaths":4,"minecraft:walk_under_water_one_cm":3446,"minecraft:jump":1801,"minecraft:walk_on_water_one_cm":3917,"minecraft:total_world_time":104478,"minecraft:fall_one_cm":51569},"minecraft:crafted":{"minecraft:cooked_beef":5,"minecraft:wooden_sword":2,"minecraft:crafting_table":1,"minecraft:wooden_pickaxe":3,"minecraft:iron_helmet":2,"minecraft:furnace":7,"minecraft:birch_planks":60,"minecraft:cooked_mutton":6,"minecraft:air":0,"minecraft:iron_bars":16,"minecraft:iron_boots":2,"minecraft:iron_chestplate":1,"minecraft:iron_axe":2,"minecraft:stick":36,"minecraft:iron_ingot":88,"minecraft:iron_pickaxe":5,"minecraft:stone_pickaxe":6,"minecraft:wooden_axe":2,"minecraft:stone_sword":2,"minecraft:iron_leggings":2,"minecraft:white_bed":1,"minecraft:torch":48},"minecraft:picked_up":{"minecraft:birch_log":15,"minecraft:crafting_table":3,"minecraft:feather":3,"minecraft:cooked_beef":8,"minecraft:andesite":27,"minecraft:leather":4,"minecraft:birch_planks":5,"minecraft:flint":1,"minecraft:raw_copper":35,"minecraft:lapis_lazuli":9,"minecraft:dirt":14,"minecraft:iron_leggings":1,"minecraft:bone":2,"minecraft:cobbled_deepslate":5,"minecraft:raw_gold":23,"minecraft:iron_ingot":2,"minecraft:beef":11,"dynamictrees:birch_seed":9,"minecraft:iron_boots":1,"minecraft:furnace":4,"minecraft:raw_iron":73,"minecraft:stick":16,"minecraft:torch":3,"minecraft:dripstone_block":2,"minecraft:gravel":1,"minecraft:pointed_dripstone":4,"tombstone:grave_dust":2,"minecraft:diorite":30,"minecraft:rotten_flesh":6,"minecraft:granite":29,"tombstone:essence_of_undeath":1,"minecraft:mutton":4,"minecraft:coal":57,"minecraft:white_wool":5,"minecraft:cobblestone":257},"minecraft:used":{"minecraft:cooked_mutton":2,"minecraft:diorite":3,"minecraft:stone_sword":55,"minecraft:birch_planks":4,"minecraft:stone_pickaxe":196,"minecraft:wooden_pickaxe":119,"minecraft:rotten_flesh":6,"minecraft:torch":51,"minecraft:dirt":3,"minecraft:crafting_table":4,"minecraft:white_bed":1,"minecraft:granite":16,"minecraft:wooden_axe":14,"minecraft:iron_pickaxe":159,"minecraft:wooden_sword":15,"minecraft:cobblestone":91,"minecraft:beef":6,"minecraft:furnace":9,"tombstone:gift":2,"alexsmobs:animal_dictionary":1,"minecraft:cooked_beef":7,"minecraft:pointed_dripstone":1}},"DataVersion":3465}