{"stats":{"minecraft:picked_up":{"luminousworld:groundpebbles_1":5,"minecraft:mud":2,"minecraft:iron_chestplate":1,"minecraft:wheat":1,"iceandfire:copper_sword":2,"ecologics:seashell":1,"minecraft:amethyst_block":1,"minecraft:string":3,"minecraft:iron_leggings":2,"minecraft:armor_stand":1,"minecraft:item_frame":2,"minecraft:experience_bottle":1,"minecraft:beef":32,"minecraft:iron_boots":2,"iceandfire:pixie_dust":1,"ecologics:coconut_slice":2,"minecraft:torch":1,"minecraft:diorite":1,"minecraft:rabbit_foot":2,"minecraft:purple_candle":4,"minecraft:arrow":24,"minecraft:rotten_flesh":6,"luminousworld:yellow_grassflowers":1,"born_in_chaos_v1:spiny_shell":4,"minecraft:gold_ingot":2,"supplementaries:ash":1,"minecraft:mutton":10,"minecraft:white_wool":6,"alexsmobs:flying_fish":1,"minecraft:cobblestone":33,"minecraft:birch_log":7,"born_in_chaos_v1:corpse_maggot":5,"minecraft:leather":14,"minecraft:birch_planks":20,"luminousworld:raw_venison":2,"minecraft:dirt":44,"minecraft:bone":1,"minecraft:bow":1,"minecraft:wheat_seeds":3,"minecraft:rabbit_hide":2,"minecraft:iron_ingot":2,"luminousworld:white_petunias":3,"minecraft:iron_sword":2,"luminousworld:sunset_petunias":1,"minecraft:amethyst_shard":8,"minecraft:white_bed":5,"minecraft:spider_eye":1,"minecraft:mossy_cobblestone":1,"minecraft:slime_ball":1,"minecraft:iron_helmet":1,"alexsmobs:maggot":2,"minecraft:coal":2},"minecraft:mined":{"luminousworld:white_petunias":1,"minecraft:large_amethyst_bud":1,"minecraft:white_bed":5,"minecraft:mossy_cobblestone":1,"luminousworld:grassvariant_4":4,"minecraft:purple_candle":1,"minecraft:budding_amethyst":1,"luminousworld:grassvariant_2":5,"luminousworld:yellow_grassflowers":1,"minecraft:fire":1,"luminousworld:groundpebbles_2":1,"minecraft:stone":18,"minecraft:white_wool":2,"minecraft:medium_amethyst_bud":1,"minecraft:amethyst_cluster":2,"minecraft:crafting_table":1,"minecraft:tall_grass":1,"minecraft:diorite":1,"minecraft:amethyst_block":1,"ecologics:seashell":1,"minecraft:mud":3,"minecraft:birch_log":7,"minecraft:grass":10,"minecraft:dirt":29,"luminousworld:grassvariant_3":2,"minecraft:oak_leaves":1},"minecraft:crafted":{"minecraft:iron_axe":1,"minecraft:cooked_beef":8,"minecraft:diamond_sword":2,"minecraft:crafting_table":1,"minecraft:birch_planks":28,"minecraft:bread":12,"minecraft:air":0,"minecraft:diamond_pickaxe":2,"minecraft:stick":8},"minecraft:killed":{"luminousworld:deer":1,"earthmobsmod:jumbo_rabbit":1,"minecraft:spider":2,"undead_revamp2:bomber":1,"born_in_chaos_v1:thornshell_crab":1,"born_in_chaos_v1:maggot":2,"naturalist:snail":1,"minecraft:skeleton":1,"minecraft:bee":3,"ecologics:coconut_crab":1,"alexsmobs:flying_fish":1,"earthmobsmod:albino_cow":6,"naturalist:butterfly":1,"earthmobsmod:cream_cow":4,"minecraft:sheep":5,"undead_revamp2:theordure":1,"born_in_chaos_v1:bloody_gadfly":1,"minecraft:zombie":2,"iceandfire:ghost":1,"alexsmobs:fly":1,"enemyexpansion:wasp":1,"minecraft:cow":7},"minecraft:custom":{"minecraft:mob_kills":47,"minecraft:interact_with_crafting_table":7,"minecraft:open_barrel":1,"minecraft:eat_cake_slice":6,"minecraft:leave_game":1,"minecraft:time_since_death":767,"minecraft:climb_one_cm":3340,"minecraft:sprint_one_cm":319527,"minecraft:walk_one_cm":77907,"minecraft:drop":40,"minecraft:play_noteblock":1,"minecraft:talked_to_villager":3,"minecraft:play_time":69943,"minecraft:deaths":9,"minecraft:sneak_time":1563,"minecraft:walk_under_water_one_cm":2867,"minecraft:jump":2542,"minecraft:walk_on_water_one_cm":9628,"minecraft:total_world_time":69943,"minecraft:interact_with_furnace":8,"minecraft:sleep_in_bed":5,"minecraft:time_since_rest":397,"minecraft:damage_taken":5634,"minecraft:damage_dealt":6328,"minecraft:swim_one_cm":27019,"minecraft:fly_one_cm":602003,"minecraft:open_chest":25,"minecraft:crouch_one_cm":1680,"tombstone:undead_killed":6,"minecraft:interact_with_smoker":2,"minecraft:fall_one_cm":99173},"minecraft:killed_by":{"minecraft:wither_skeleton":1,"undead_revamp2:thesomnolence":1,"minecraft:drowned":1,"undead_revamp2:thespitter":1,"minecraft:skeleton":1,"iceandfire:ghost":1,"iceandfire:fire_dragon":1},"minecraft:dropped":{"minecraft:iron_sword":1,"minecraft:birch_planks":40,"minecraft:wheat_seeds":3,"minecraft:iron_helmet":1,"minecraft:cobblestone":16,"luminousworld:raw_venison":2,"tombstone:grave_dust":2,"minecraft:iron_leggings":1,"minecraft:string":3,"minecraft:bone":1,"minecraft:wheat":2,"minecraft:rotten_flesh":6,"minecraft:iron_boots":2,"minecraft:rabbit_foot":1,"minecraft:diamond_sword":1,"supplementaries:ash":1,"iceandfire:copper_sword":2,"minecraft:diamond_pickaxe":1,"luminousworld:groundpebbles_1":3,"born_in_chaos_v1:spiny_shell":4,"iceandfire:pixie_dust":2,"minecraft:spider_eye":1,"minecraft:slime_ball":1},"minecraft:used":{"stalwart_dungeons:iron_hammer":1,"minecraft:purple_candle":4,"minecraft:armor_stand":1,"minecraft:iron_sword":6,"supplementaries:gold_door":1,"minecraft:torch":2,"minecraft:dirt":22,"iceandfire:copper_sword":1,"ecologics:seashell":1,"alexsmobs:maggot":2,"minecraft:iron_axe":23,"minecraft:grass_block":9,"minecraft:iron_helmet":1,"quark:redstone_randomizer":1,"minecraft:item_frame":1,"minecraft:bow":8,"minecraft:beef":4,"tombstone:gift":2,"minecraft:cooked_beef":8,"minecraft:diorite":1,"minecraft:amethyst_block":1,"luminousworld:groundpebbles_1":2,"luminousworld:yellow_grassflowers":1,"minecraft:mossy_cobblestone":1,"luminousworld:white_petunias":3,"minecraft:crafting_table":1,"minecraft:white_bed":5,"quark:lime_framed_glass":3,"minecraft:mud":2,"minecraft:diamond_pickaxe":40,"minecraft:bread":18,"luminousworld:sunset_petunias":1,"minecraft:diamond_sword":88,"minecraft:cobblestone":17,"minecraft:experience_bottle":1}},"DataVersion":3465}