{"stats":{"minecraft:crafted":{"minecraft:wooden_sword":2,"minecraft:oak_planks":8,"minecraft:furnace":8,"minecraft:cooked_mutton":6,"minecraft:iron_bars":16,"minecraft:glass":21,"minecraft:iron_boots":2,"minecraft:bow":1,"minecraft:iron_axe":2,"minecraft:stone_pickaxe":6,"minecraft:chest":5,"minecraft:wheat":108,"minecraft:cooked_beef":5,"minecraft:glass_bottle":21,"minecraft:crafting_table":3,"minecraft:wooden_pickaxe":3,"minecraft:iron_helmet":2,"minecraft:gold_block":6,"minecraft:birch_planks":124,"minecraft:bread":36,"minecraft:air":0,"minecraft:iron_chestplate":1,"minecraft:stick":44,"minecraft:iron_ingot":122,"minecraft:iron_pickaxe":5,"minecraft:wooden_axe":2,"minecraft:stone_sword":2,"minecraft:iron_leggings":2,"minecraft:gold_ingot":59,"minecraft:white_bed":1,"minecraft:torch":132},"minecraft:mined":{"minecraft:deepslate_tiles":1,"minecraft:stone_pressure_plate":1,"minecraft:white_bed":7,"minecraft:light_gray_stained_glass_pane":2,"minecraft:mossy_cobblestone":14,"minecraft:granite":22,"minecraft:grass_block":6,"minecraft:spawner":20,"minecraft:hay_block":18,"minecraft:furnace":4,"dynamictrees:dark_oak_leaves":1,"minecraft:iron_ore":53,"minecraft:fire":3,"minecraft:andesite":28,"minecraft:pumpkin":2,"minecraft:gold_block":2,"minecraft:pointed_dripstone":2,"minecraft:vine":5,"iceandfire:gold_pile":31,"minecraft:deepslate_iron_ore":9,"minecraft:iron_bars":19,"minecraft:stone":294,"minecraft:red_bed":7,"minecraft:torch":5,"minecraft:crafting_table":4,"minecraft:melon":6,"minecraft:tall_grass":2,"minecraft:cobblestone":24,"minecraft:deepslate_gold_ore":19,"minecraft:lapis_ore":2,"minecraft:oak_planks":20,"minecraft:iron_door":1,"minecraft:diorite":50,"minecraft:wall_torch":5,"minecraft:spruce_stairs":1,"minecraft:birch_planks":7,"minecraft:pitcher_plant":1,"minecraft:yellow_bed":2,"minecraft:grass":22,"minecraft:coal_ore":17,"minecraft:oak_log":3,"minecraft:gravel":2,"minecraft:pitcher_crop":2,"minecraft:dirt":12,"minecraft:sand":22,"minecraft:sunflower":2,"minecraft:dripstone_block":1,"minecraft:cobweb":2,"minecraft:cracked_stone_bricks":5,"minecraft:stone_bricks":8,"minecraft:polished_andesite":1,"minecraft:mossy_stone_bricks":16,"minecraft:gold_ore":4,"minecraft:deepslate":5},"minecraft:custom":{"minecraft:interact_with_smithing_table":1,"minecraft:mob_kills":124,"minecraft:interact_with_crafting_table":26,"minecraft:open_barrel":3,"minecraft:eat_cake_slice":5,"minecraft:leave_game":4,"minecraft:time_since_death":11970,"minecraft:climb_one_cm":7259,"minecraft:sprint_one_cm":1087935,"minecraft:walk_one_cm":399478,"minecraft:damage_blocked_by_shield":3135,"minecraft:drop":192,"minecraft:play_time":261567,"minecraft:sneak_time":9126,"minecraft:deaths":48,"minecraft:walk_under_water_one_cm":3542,"minecraft:jump":5716,"minecraft:walk_on_water_one_cm":10821,"minecraft:total_world_time":261567,"minecraft:interact_with_furnace":62,"minecraft:pot_flower":1,"minecraft:sleep_in_bed":11,"minecraft:time_since_rest":10436,"minecraft:damage_taken":16534,"minecraft:trigger_trapped_chest":3,"minecraft:damage_dealt":24438,"minecraft:crouch_one_cm":24304,"minecraft:player_kills":1,"minecraft:swim_one_cm":13276,"minecraft:fly_one_cm":1313962,"tombstone:undead_killed":87,"minecraft:open_chest":149,"minecraft:fall_one_cm":120199},"minecraft:killed_by":{"minecraft:player":2,"minecraft:wither_skeleton":1,"minecraft:stray":4,"minecraft:creeper":2,"alexsmobs:bison":1,"mutantmonsters:mutant_creeper":4,"minecraft:skeleton":4,"minecraft:zombie":13,"iceandfire:ghost":1,"iceandfire:fire_dragon":15},"minecraft:used":{"minecraft:iron_bars":16,"minecraft:stone_sword":55,"minecraft:iron_shovel":5,"minecraft:chest":5,"minecraft:shield":38,"minecraft:iron_sword":484,"minecraft:rotten_flesh":38,"minecraft:iron_chestplate":1,"minecraft:torch":132,"minecraft:dirt":9,"minecraft:spruce_stairs":1,"minecraft:granite":16,"minecraft:wooden_axe":14,"minecraft:iron_axe":93,"minecraft:iron_helmet":1,"minecraft:iron_boots":1,"minecraft:stone_bricks":2,"minecraft:beef":11,"minecraft:furnace":10,"tombstone:gift":5,"minecraft:cooked_beef":18,"minecraft:iron_leggings":1,"minecraft:pointed_dripstone":1,"minecraft:cooked_mutton":6,"minecraft:mossy_stone_bricks":5,"minecraft:diorite":3,"minecraft:leather_leggings":1,"minecraft:baked_potato":11,"minecraft:birch_planks":15,"minecraft:stone_pickaxe":290,"minecraft:oak_planks":36,"minecraft:wooden_pickaxe":119,"minecraft:chainmail_helmet":1,"minecraft:cracked_stone_bricks":1,"minecraft:mossy_cobblestone":7,"minecraft:sand":1,"minecraft:pitcher_pod":2,"minecraft:crafting_table":7,"minecraft:red_bed":8,"minecraft:white_bed":8,"minecraft:deepslate_tiles":1,"minecraft:iron_pickaxe":263,"minecraft:melon_slice":18,"minecraft:sunflower":1,"minecraft:bread":6,"minecraft:potion":2,"minecraft:wooden_sword":15,"minecraft:iron_door":1,"minecraft:golden_helmet":2,"minecraft:cobblestone":151,"minecraft:cooked_rabbit":3,"alexsmobs:animal_dictionary":1,"minecraft:pumpkin_pie":1,"minecraft:yellow_bed":2},"minecraft:dropped":{"minecraft:spruce_sign":4,"minecraft:bread":17,"minecraft:iron_sword":1,"minecraft:birch_planks":1,"minecraft:wheat_seeds":7,"minecraft:cooked_beef":6,"dynamictrees:birch_seed":12,"minecraft:mossy_cobblestone":5,"minecraft:glass_bottle":2,"minecraft:dripstone_block":2,"minecraft:iron_helmet":1,"minecraft:feather":3,"minecraft:cobblestone":56,"minecraft:granite":13,"iceandfire:ectoplasm":5,"minecraft:cracked_stone_bricks":3,"minecraft:chainmail_helmet":1,"minecraft:coal":5,"alexsmobs:bison_fur":3,"minecraft:leather_helmet":2,"minecraft:golden_apple":5,"minecraft:stick":23,"minecraft:flint":7,"minecraft:oxeye_daisy":2,"minecraft:dirt":20,"minecraft:diorite":39,"minecraft:wooden_axe":2,"tombstone:grave_dust":13,"minecraft:iron_leggings":2,"minecraft:wooden_sword":2,"minecraft:gold_nugget":12,"minecraft:sunflower":10,"iceandfire:ash":6,"minecraft:iron_pickaxe":2,"minecraft:iron_shovel":1,"minecraft:string":20,"minecraft:white_wool":2,"minecraft:bone":67,"minecraft:gravel":12,"minecraft:white_tulip":1,"minecraft:furnace":2,"dynamictrees:oak_seed":1,"minecraft:golden_chestplate":1,"minecraft:stone_sword":2,"minecraft:cobbled_deepslate":5,"tombstone:gift":1,"minecraft:pointed_dripstone":5,"minecraft:rotten_flesh":12,"minecraft:iron_boots":2,"minecraft:diamond_shovel":1,"minecraft:carrot":3,"minecraft:tipped_arrow":3,"minecraft:shield":2,"minecraft:gunpowder":1,"minecraft:allium":1,"minecraft:bundle":1,"minecraft:iron_chestplate":2,"minecraft:andesite":27,"minecraft:mossy_stone_bricks":6,"minecraft:leather_boots":2,"minecraft:chainmail_boots":1,"minecraft:leather_leggings":1,"minecraft:stone_bricks":6,"minecraft:spider_eye":2,"minecraft:iron_bars":33,"iceandfire:fire_dragon_heart":1,"minecraft:arrow":75,"minecraft:bow":2,"minecraft:stone_pickaxe":5,"minecraft:beef":9,"minecraft:wooden_pickaxe":1,"minecraft:red_tulip":2,"minecraft:cooked_rabbit":2},"minecraft:picked_up":{"minecraft:crafting_table":4,"minecraft:iron_chestplate":2,"minecraft:allium":1,"minecraft:chainmail_boots":2,"iceandfire:witherbone":19,"minecraft:leather_leggings":2,"minecraft:cooked_rabbit":2,"minecraft:gold_block":2,"minecraft:shield":2,"minecraft:string":27,"minecraft:red_bed":8,"minecraft:raw_copper":35,"minecraft:iron_axe":1,"minecraft:iron_leggings":1,"minecraft:iron_shovel":1,"minecraft:cracked_stone_bricks":5,"minecraft:deepslate_tiles":1,"minecraft:gold_nugget":304,"minecraft:cobbled_deepslate":5,"minecraft:beef":25,"minecraft:white_tulip":1,"minecraft:iron_pickaxe":1,"dynamictrees:oak_seed":1,"minecraft:melon_slice":25,"minecraft:iron_boots":1,"minecraft:furnace":4,"minecraft:tipped_arrow":3,"minecraft:golden_helmet":4,"minecraft:raw_iron":73,"minecraft:stick":45,"minecraft:torch":11,"minecraft:spruce_stairs":1,"tombstone:grave_dust":12,"minecraft:pointed_dripstone":6,"minecraft:diorite":42,"minecraft:golden_chestplate":1,"minecraft:arrow":114,"minecraft:rotten_flesh":55,"minecraft:hay_block":18,"iceandfire:fire_dragon_heart":1,"tombstone:essence_of_undeath":1,"minecraft:mutton":4,"minecraft:iron_bars":34,"minecraft:white_wool":5,"minecraft:cobblestone":309,"minecraft:birch_log":31,"minecraft:feather":3,"minecraft:cooked_beef":14,"minecraft:iron_door":1,"minecraft:andesite":27,"minecraft:leather":4,"minecraft:golden_leggings":1,"minecraft:birch_planks":10,"alexsmobs:bison_fur":3,"minecraft:flint":6,"minecraft:oak_log":2,"minecraft:chainmail_chestplate":1,"minecraft:yellow_bed":2,"minecraft:gunpowder":3,"minecraft:lapis_lazuli":9,"minecraft:dirt":29,"iceandfire:dragonscales_bronze":11,"minecraft:leather_boots":2,"minecraft:bone":58,"minecraft:stone_bricks":7,"minecraft:bow":3,"minecraft:wheat_seeds":4,"minecraft:raw_gold":23,"minecraft:iron_ingot":3,"dynamictrees:birch_seed":12,"minecraft:mossy_stone_bricks":13,"minecraft:diamond_helmet":1,"minecraft:oak_planks":11,"minecraft:pitcher_pod":2,"minecraft:pitcher_plant":1,"minecraft:pumpkin":2,"iceandfire:ash":2,"minecraft:gravel":8,"minecraft:dripstone_block":2,"minecraft:sand":22,"minecraft:white_bed":7,"minecraft:spider_eye":4,"minecraft:mossy_cobblestone":12,"minecraft:leather_helmet":1,"minecraft:bundle":1,"minecraft:diamond_shovel":3,"minecraft:chainmail_leggings":1,"minecraft:granite":29,"minecraft:golden_apple":1,"minecraft:spruce_sign":4,"minecraft:chainmail_helmet":1,"tombstone:magic_scroll":1,"minecraft:coal":64,"minecraft:sunflower":6},"minecraft:broken":{"minecraft:golden_helmet":2,"minecraft:golden_boots":1,"minecraft:leather_leggings":1,"minecraft:iron_chestplate":2,"minecraft:chainmail_boots":1,"minecraft:wooden_pickaxe":2,"minecraft:stone_pickaxe":1,"minecraft:shield":1,"minecraft:iron_helmet":1},"minecraft:killed":{"minecraft:spider":15,"minecraft:skeleton":11,"alexsmobs:blue_jay":1,"iceandfire:fire_dragon":1,"alexsmobs:bison":1,"alexsmobs:rocky_roller":1,"alexsmobs:skunk":1,"minecraft:creeper":3,"minecraft:sheep":3,"minecraft:zombie":36,"iceandfire:ghost":1,"alexsmobs:terrapin":1,"minecraft:stray":14,"minecraft:wither_skeleton":25,"minecraft:cow":4}},"DataVersion":3465}