{"stats":{"minecraft:picked_up":{"minecraft:birch_log":7,"minecraft:mud":2,"born_in_chaos_v1:corpse_maggot":2,"luminousworld:groundpebbles_1":4,"minecraft:iron_chestplate":1,"minecraft:wheat":1,"minecraft:leather":14,"ecologics:seashell":1,"minecraft:birch_planks":20,"minecraft:amethyst_block":1,"minecraft:string":1,"minecraft:dirt":37,"minecraft:iron_leggings":2,"minecraft:item_frame":2,"minecraft:armor_stand":1,"minecraft:bone":1,"minecraft:experience_bottle":1,"minecraft:bow":1,"minecraft:iron_ingot":2,"minecraft:beef":32,"luminousworld:white_petunias":3,"minecraft:iron_boots":2,"iceandfire:pixie_dust":1,"ecologics:coconut_slice":2,"minecraft:torch":1,"luminousworld:sunset_petunias":1,"minecraft:amethyst_shard":8,"minecraft:diorite":1,"minecraft:white_bed":5,"minecraft:spider_eye":1,"minecraft:mossy_cobblestone":1,"minecraft:purple_candle":4,"minecraft:arrow":24,"minecraft:rotten_flesh":4,"minecraft:slime_ball":1,"luminousworld:yellow_grassflowers":1,"minecraft:iron_helmet":1,"born_in_chaos_v1:spiny_shell":4,"minecraft:gold_ingot":2,"supplementaries:ash":1,"alexsmobs:maggot":2,"alexsmobs:flying_fish":1,"minecraft:mutton":10,"minecraft:coal":2,"minecraft:white_wool":6,"minecraft:cobblestone":33},"minecraft:mined":{"luminousworld:white_petunias":1,"minecraft:large_amethyst_bud":1,"minecraft:white_bed":5,"minecraft:mossy_cobblestone":1,"luminousworld:grassvariant_4":4,"minecraft:medium_amethyst_bud":1,"minecraft:amethyst_cluster":2,"minecraft:purple_candle":1,"minecraft:crafting_table":1,"minecraft:budding_amethyst":1,"luminousworld:grassvariant_2":3,"minecraft:tall_grass":1,"minecraft:diorite":1,"minecraft:amethyst_block":1,"luminousworld:yellow_grassflowers":1,"ecologics:seashell":1,"minecraft:mud":3,"minecraft:birch_log":7,"minecraft:fire":1,"minecraft:grass":5,"minecraft:dirt":21,"luminousworld:grassvariant_3":2,"minecraft:stone":18,"luminousworld:groundpebbles_2":1,"minecraft:white_wool":2,"minecraft:oak_leaves":1},"minecraft:killed":{"naturalist:butterfly":1,"minecraft:spider":1,"earthmobsmod:cream_cow":4,"undead_revamp2:bomber":1,"born_in_chaos_v1:thornshell_crab":1,"born_in_chaos_v1:maggot":2,"naturalist:snail":1,"minecraft:sheep":5,"minecraft:skeleton":1,"minecraft:zombie":2,"minecraft:bee":3,"ecologics:coconut_crab":1,"alexsmobs:fly":1,"minecraft:cow":7,"alexsmobs:flying_fish":1,"enemyexpansion:wasp":1,"earthmobsmod:albino_cow":6},"minecraft:crafted":{"minecraft:cooked_beef":8,"minecraft:diamond_sword":2,"minecraft:crafting_table":1,"minecraft:birch_planks":28,"minecraft:air":0,"minecraft:bread":12,"minecraft:diamond_pickaxe":2,"minecraft:iron_axe":1,"minecraft:stick":8},"minecraft:custom":{"minecraft:interact_with_furnace":8,"minecraft:mob_kills":41,"minecraft:interact_with_crafting_table":7,"minecraft:leave_game":1,"minecraft:time_since_death":38534,"minecraft:sleep_in_bed":3,"minecraft:climb_one_cm":646,"minecraft:time_since_rest":7941,"minecraft:sprint_one_cm":247570,"minecraft:damage_taken":5202,"minecraft:walk_one_cm":62313,"minecraft:drop":27,"minecraft:damage_dealt":5317,"minecraft:play_noteblock":1,"minecraft:swim_one_cm":27019,"minecraft:talked_to_villager":3,"minecraft:fly_one_cm":478520,"minecraft:open_chest":15,"minecraft:crouch_one_cm":1468,"minecraft:play_time":57943,"tombstone:undead_killed":4,"minecraft:sneak_time":1410,"minecraft:deaths":8,"minecraft:walk_under_water_one_cm":2867,"minecraft:jump":2032,"minecraft:walk_on_water_one_cm":9256,"minecraft:interact_with_smoker":2,"minecraft:total_world_time":57943,"minecraft:fall_one_cm":84104},"minecraft:killed_by":{"minecraft:wither_skeleton":1,"minecraft:skeleton":1,"undead_revamp2:thesomnolence":1,"iceandfire:ghost":1,"minecraft:drowned":1,"undead_revamp2:thespitter":1},"minecraft:dropped":{"minecraft:birch_planks":40,"minecraft:wheat":2,"minecraft:cobblestone":16,"minecraft:iron_helmet":1,"minecraft:rotten_flesh":4,"minecraft:iron_boots":2,"minecraft:diamond_sword":1,"supplementaries:ash":1,"minecraft:diamond_pickaxe":1,"luminousworld:groundpebbles_1":3,"born_in_chaos_v1:spiny_shell":4,"iceandfire:pixie_dust":2,"tombstone:grave_dust":2,"minecraft:iron_leggings":1,"minecraft:spider_eye":1,"minecraft:slime_ball":1,"minecraft:string":1,"minecraft:bone":1},"minecraft:used":{"minecraft:diorite":1,"stalwart_dungeons:iron_hammer":1,"minecraft:amethyst_block":1,"minecraft:purple_candle":4,"minecraft:armor_stand":1,"supplementaries:gold_door":1,"luminousworld:groundpebbles_1":1,"luminousworld:yellow_grassflowers":1,"minecraft:mossy_cobblestone":1,"minecraft:torch":2,"minecraft:dirt":11,"luminousworld:white_petunias":3,"minecraft:crafting_table":1,"ecologics:seashell":1,"minecraft:white_bed":5,"quark:lime_framed_glass":3,"minecraft:mud":2,"alexsmobs:maggot":2,"minecraft:diamond_pickaxe":40,"minecraft:grass_block":9,"minecraft:iron_axe":23,"minecraft:bread":13,"minecraft:iron_helmet":1,"quark:redstone_randomizer":1,"minecraft:item_frame":1,"minecraft:cobblestone":17,"minecraft:diamond_sword":70,"minecraft:bow":1,"minecraft:beef":4,"tombstone:gift":2,"minecraft:cooked_beef":8,"minecraft:experience_bottle":1}},"DataVersion":3465}