{"stats":{"minecraft:crafted":{"minecraft:wooden_sword":1,"minecraft:oak_planks":32,"minecraft:raw_iron":45,"minecraft:coal":27,"minecraft:crafting_table":1,"minecraft:iron_sword":1,"minecraft:iron_pickaxe":1,"minecraft:wooden_axe":1},"minecraft:dropped":{"minecraft:bread":3,"iceandfire:pixie_dust":2,"minecraft:beef":7},"minecraft:custom":{"minecraft:interact_with_furnace":3,"minecraft:mob_kills":14,"minecraft:interact_with_anvil":1,"tombstone:raider_killed":2,"minecraft:interact_with_crafting_table":2,"minecraft:eat_cake_slice":3,"minecraft:leave_game":1,"minecraft:time_since_death":20412,"minecraft:climb_one_cm":1046,"minecraft:time_since_rest":20122,"minecraft:sprint_one_cm":123714,"minecraft:damage_taken":841,"minecraft:walk_one_cm":35354,"minecraft:trigger_trapped_chest":1,"minecraft:drop":4,"minecraft:damage_dealt":2712,"minecraft:talked_to_villager":3,"minecraft:swim_one_cm":4765,"minecraft:fly_one_cm":270817,"minecraft:open_chest":6,"minecraft:crouch_one_cm":9795,"minecraft:play_time":27656,"tombstone:undead_killed":3,"minecraft:deaths":1,"minecraft:sneak_time":2944,"minecraft:walk_under_water_one_cm":1439,"minecraft:jump":1058,"minecraft:interact_with_blast_furnace":1,"minecraft:walk_on_water_one_cm":6991,"minecraft:total_world_time":27656,"minecraft:fall_one_cm":26377},"minecraft:picked_up":{"minecraft:crafting_table":1,"minecraft:leather":2,"dynamictrees:spruce_seed":1,"minecraft:oak_log":15,"minecraft:dirt":1,"valhelsia_structures:oak_post":2,"minecraft:beef":15,"dynamictrees:oak_seed":7,"minecraft:coal_block":3,"iceandfire:pixie_dust":2,"minecraft:dark_oak_slab":1,"minecraft:raw_iron":3,"minecraft:stick":17,"minecraft:raw_iron_block":5,"valhelsia_structures:cut_oak_post":3,"minecraft:porkchop":2,"minecraft:chainmail_leggings":1,"minecraft:hay_block":1,"minecraft:cobblestone":1},"minecraft:killed":{"minecraft:pig":2,"alexsmobs:raccoon":1,"minecraft:skeleton":1,"minecraft:pillager":2,"iceandfire:ghost":2,"alexsmobs:bison":1,"iceandfire:pixie":1,"minecraft:cow":4},"minecraft:broken":{"minecraft:wooden_sword":1},"minecraft:mined":{"minecraft:crafting_table":1,"minecraft:dark_oak_fence":2,"minecraft:grass_block":2,"valhelsia_structures:oak_post":2,"minecraft:coal_block":3,"minecraft:tall_grass":1,"minecraft:cobblestone":1,"minecraft:tall_seagrass":1,"minecraft:raw_iron_block":5,"minecraft:dark_oak_slab":1,"minecraft:iron_ore":3,"dynamictrees:dark_oak_root":1,"dynamictrees:spruce_leaves":1,"minecraft:grass":5,"valhelsia_structures:cut_oak_post":2},"minecraft:killed_by":{"alexsmobs:bison":1},"minecraft:used":{"dynamictrees:spruce_seed":1,"minecraft:iron_sword":3,"minecraft:iron_chestplate":1,"minecraft:dirt":1,"minecraft:crafting_table":2,"minecraft:carrot":3,"minecraft:crossbow":4,"minecraft:wooden_axe":18,"minecraft:apple":13,"minecraft:lava_bucket":1,"minecraft:iron_pickaxe":12,"minecraft:iron_helmet":1,"minecraft:dark_oak_slab":1,"minecraft:wooden_sword":64,"minecraft:cobblestone":1,"minecraft:beef":8,"minecraft:porkchop":2,"minecraft:bucket":1}},"DataVersion":3465}