{"stats":{"minecraft:mined":{"luminousworld:grassvariant_4":4,"minecraft:birch_log":7,"minecraft:grass":1,"minecraft:oak_leaves":1},"minecraft:picked_up":{"minecraft:birch_log":7,"luminousworld:groundpebbles_1":3,"minecraft:leather":1,"minecraft:birch_planks":20,"minecraft:dirt":16,"minecraft:beef":3},"minecraft:killed":{"earthmobsmod:cream_cow":1},"minecraft:crafted":{"minecraft:diamond_sword":2,"minecraft:diamond_pickaxe":2,"minecraft:crafting_table":1,"minecraft:stick":8,"minecraft:birch_planks":28},"minecraft:custom":{"minecraft:time_since_rest":1931,"minecraft:sprint_one_cm":58031,"minecraft:damage_taken":4105,"minecraft:walk_one_cm":13228,"minecraft:mob_kills":1,"minecraft:drop":9,"minecraft:damage_dealt":311,"minecraft:play_noteblock":1,"minecraft:interact_with_crafting_table":4,"minecraft:fly_one_cm":147817,"minecraft:open_chest":1,"minecraft:crouch_one_cm":872,"minecraft:play_time":21943,"minecraft:deaths":8,"minecraft:sneak_time":796,"minecraft:jump":578,"minecraft:leave_game":1,"minecraft:time_since_death":2534,"minecraft:walk_on_water_one_cm":1934,"minecraft:total_world_time":21943,"minecraft:fall_one_cm":40939},"minecraft:killed_by":{"undead_revamp2:thesomnolence":1,"iceandfire:ghost":1,"minecraft:drowned":1,"minecraft:wither_skeleton":1,"minecraft:skeleton":1,"undead_revamp2:thespitter":1},"minecraft:dropped":{"minecraft:diamond_sword":1,"minecraft:birch_planks":40,"minecraft:diamond_pickaxe":1,"luminousworld:groundpebbles_1":3,"tombstone:grave_dust":2},"minecraft:used":{"stalwart_dungeons:iron_hammer":1,"minecraft:grass_block":9,"supplementaries:gold_door":1,"quark:redstone_randomizer":1,"minecraft:diamond_sword":1,"minecraft:dirt":3,"minecraft:crafting_table":1,"tombstone:gift":2,"quark:lime_framed_glass":3}},"DataVersion":3465}