{"stats":{"minecraft:picked_up":{"minecraft:crafting_table":4,"minecraft:clay_ball":7,"minecraft:leather":3,"dynamictrees:spruce_seed":7,"minecraft:wooden_pickaxe":1,"minecraft:enchanted_book":1,"iceandfire:ectoplasm":1,"minecraft:lapis_lazuli":10,"minecraft:moss_carpet":1,"minecraft:dirt":28,"minecraft:bone":2,"minecraft:beef":6,"minecraft:stone_pickaxe":1,"minecraft:cobblestone_slab":12,"minecraft:flowering_azalea":1,"minecraft:furnace":3,"minecraft:stick":15,"minecraft:raw_iron":1,"minecraft:sweet_berries":9,"minecraft:torch":3,"minecraft:porkchop":5,"tombstone:grave_dust":2,"minecraft:diorite":2,"minecraft:spruce_log":12,"minecraft:mossy_cobblestone":5,"minecraft:arrow":1,"minecraft:rotten_flesh":22,"minecraft:tropical_fish":4,"minecraft:bone_meal":2,"minecraft:glow_berries":23,"valhelsia_structures:unlit_lantern":1,"minecraft:coal":38,"iceandfire:raw_silver":9,"minecraft:cobblestone":51},"minecraft:killed_by":{"minecraft:skeleton":1,"minecraft:zombie":1},"minecraft:custom":{"minecraft:interact_with_furnace":17,"minecraft:mob_kills":36,"minecraft:interact_with_crafting_table":10,"minecraft:leave_game":1,"minecraft:time_since_death":4110,"minecraft:sleep_in_bed":2,"minecraft:climb_one_cm":48,"minecraft:time_since_rest":3794,"minecraft:sprint_one_cm":160894,"minecraft:damage_taken":1383,"minecraft:walk_one_cm":70681,"minecraft:trigger_trapped_chest":1,"minecraft:drop":33,"minecraft:damage_dealt":6503,"minecraft:swim_one_cm":42850,"minecraft:fly_one_cm":213738,"minecraft:open_chest":3,"minecraft:crouch_one_cm":16629,"minecraft:deaths":2,"tombstone:undead_killed":23,"minecraft:play_time":40052,"minecraft:sneak_time":5325,"minecraft:walk_under_water_one_cm":6612,"minecraft:jump":1136,"minecraft:walk_on_water_one_cm":10321,"minecraft:total_world_time":40052,"minecraft:fall_one_cm":24969},"minecraft:dropped":{"minecraft:stone_axe":1,"minecraft:mossy_cobblestone":5,"minecraft:wheat":2,"minecraft:cobblestone":21,"minecraft:rotten_flesh":7,"minecraft:clay_ball":7,"minecraft:leather":1,"minecraft:stick":7,"minecraft:dirt":2,"minecraft:cobblestone_slab":18,"minecraft:diorite":2,"minecraft:spruce_planks":1,"minecraft:wooden_axe":1,"minecraft:melon_seeds":3,"tombstone:grave_dust":2,"minecraft:bone_meal":2,"minecraft:stone_pickaxe":1,"minecraft:wooden_pickaxe":2,"minecraft:string":2},"minecraft:used":{"minecraft:moss_carpet":1,"dynamictrees:spruce_seed":7,"valhelsia_structures:unlit_lantern":1,"minecraft:stone_sword":131,"minecraft:tropical_fish":4,"minecraft:stone_pickaxe":81,"minecraft:wooden_pickaxe":11,"minecraft:rotten_flesh":23,"minecraft:torch":34,"minecraft:glow_berries":22,"minecraft:dirt":4,"minecraft:crafting_table":5,"minecraft:white_bed":1,"minecraft:wooden_axe":1,"minecraft:flowering_azalea":1,"minecraft:stone_axe":18,"minecraft:cobblestone":5,"minecraft:sweet_berries":14,"minecraft:furnace":4,"tombstone:gift":2,"minecraft:cooked_beef":5},"minecraft:killed":{"minecraft:pig":2,"minecraft:zombie_villager":1,"minecraft:spider":2,"minecraft:skeleton":2,"minecraft:zombie":17,"iceandfire:ghost":2,"minecraft:drowned":1,"minecraft:tropical_fish":5,"minecraft:cow":3},"minecraft:crafted":{"minecraft:cooked_beef":6,"minecraft:cobblestone_slab":6,"iceandfire:silver_ingot":7,"minecraft:crafting_table":1,"minecraft:spruce_planks":48,"minecraft:wooden_pickaxe":1,"minecraft:furnace":1,"minecraft:stone_axe":2,"minecraft:air":0,"minecraft:white_wool":3,"minecraft:stick":16,"minecraft:iron_ingot":1,"minecraft:stone_pickaxe":2,"minecraft:wooden_axe":1,"minecraft:stone_sword":1,"minecraft:white_bed":1,"minecraft:torch":44},"minecraft:broken":{"minecraft:stone_sword":1},"minecraft:mined":{"valhelsia_structures:unlit_lantern":1,"minecraft:flowering_azalea":1,"iceandfire:silver_ore":9,"minecraft:mossy_cobblestone":5,"minecraft:crafting_table":4,"minecraft:torch":1,"minecraft:cave_vines_plant":15,"minecraft:tall_grass":3,"minecraft:cobblestone":1,"minecraft:lapis_ore":2,"minecraft:diorite":3,"minecraft:wall_torch":1,"minecraft:furnace":3,"minecraft:iron_ore":1,"valhelsia_structures:cracked_big_glazed_jar":1,"minecraft:moss_carpet":1,"dynamictrees:spruce_leaves":1,"minecraft:vine":1,"minecraft:coal_ore":20,"valhelsia_structures:cracked_glazed_jar":1,"minecraft:cave_vines":20,"dynamictrees:flowering_azalea_leaves":1,"minecraft:stone":44,"minecraft:fern":2}},"DataVersion":3465}