{"stats":{"minecraft:killed":{"minecraft:spider":9,"minecraft:skeleton":3,"alexsmobs:blue_jay":1,"minecraft:creeper":3,"minecraft:sheep":3,"minecraft:zombie":17,"alexsmobs:terrapin":1,"minecraft:stray":4,"minecraft:wither_skeleton":3,"minecraft:cow":4},"minecraft:mined":{"minecraft:light_gray_stained_glass_pane":2,"minecraft:mossy_cobblestone":1,"minecraft:granite":22,"minecraft:grass_block":3,"minecraft:spawner":5,"minecraft:furnace":4,"dynamictrees:dark_oak_leaves":1,"minecraft:iron_ore":53,"minecraft:andesite":28,"minecraft:pointed_dripstone":2,"minecraft:vine":1,"minecraft:deepslate_iron_ore":9,"minecraft:iron_bars":9,"minecraft:stone":261,"minecraft:crafting_table":3,"minecraft:torch":2,"minecraft:cobblestone":14,"minecraft:lapis_ore":2,"minecraft:deepslate_gold_ore":19,"minecraft:oak_planks":20,"minecraft:diorite":48,"minecraft:wall_torch":3,"minecraft:birch_planks":3,"minecraft:pitcher_plant":1,"minecraft:grass":4,"minecraft:coal_ore":17,"minecraft:pitcher_crop":2,"minecraft:dirt":11,"minecraft:dripstone_block":1,"minecraft:cracked_stone_bricks":1,"minecraft:stone_bricks":1,"minecraft:mossy_stone_bricks":4,"minecraft:gold_ore":4,"minecraft:deepslate":5},"minecraft:killed_by":{"minecraft:player":1,"minecraft:stray":1,"minecraft:creeper":1,"minecraft:zombie":1,"iceandfire:ghost":1},"minecraft:dropped":{"minecraft:birch_planks":1,"minecraft:cooked_beef":6,"dynamictrees:birch_seed":9,"minecraft:mossy_cobblestone":1,"minecraft:glass_bottle":1,"minecraft:dripstone_block":2,"minecraft:feather":3,"minecraft:iron_helmet":1,"minecraft:cobblestone":6,"minecraft:granite":13,"minecraft:flint":1,"minecraft:dirt":11,"minecraft:diorite":39,"minecraft:wooden_axe":2,"tombstone:grave_dust":4,"minecraft:iron_leggings":2,"minecraft:wooden_sword":2,"minecraft:iron_pickaxe":2,"minecraft:iron_shovel":1,"minecraft:white_wool":2,"minecraft:bone":3,"minecraft:gravel":1,"minecraft:furnace":2,"minecraft:stone_sword":2,"minecraft:cobbled_deepslate":5,"minecraft:pointed_dripstone":3,"tombstone:gift":1,"minecraft:rotten_flesh":2,"minecraft:iron_boots":2,"minecraft:carrot":1,"minecraft:iron_chestplate":1,"minecraft:andesite":27,"minecraft:mossy_stone_bricks":4,"minecraft:leather_boots":1,"minecraft:stone_bricks":1,"minecraft:iron_bars":16,"minecraft:stone_pickaxe":4,"minecraft:wooden_pickaxe":1},"minecraft:broken":{"minecraft:wooden_pickaxe":2,"minecraft:stone_pickaxe":1},"minecraft:custom":{"minecraft:mob_kills":50,"minecraft:interact_with_crafting_table":17,"minecraft:leave_game":2,"minecraft:time_since_death":113,"minecraft:sprint_one_cm":361534,"minecraft:walk_one_cm":160991,"minecraft:drop":66,"minecraft:play_time":128478,"minecraft:deaths":6,"minecraft:sneak_time":6806,"minecraft:walk_under_water_one_cm":3446,"minecraft:jump":2102,"minecraft:walk_on_water_one_cm":6058,"minecraft:total_world_time":128478,"minecraft:interact_with_furnace":47,"minecraft:time_since_rest":1,"minecraft:damage_taken":3247,"minecraft:trigger_trapped_chest":1,"minecraft:damage_dealt":8416,"minecraft:swim_one_cm":7175,"minecraft:fly_one_cm":418185,"minecraft:player_kills":1,"minecraft:open_chest":49,"minecraft:crouch_one_cm":16898,"tombstone:undead_killed":27,"minecraft:fall_one_cm":52676},"minecraft:crafted":{"minecraft:wooden_sword":2,"minecraft:furnace":7,"minecraft:cooked_mutton":6,"minecraft:iron_bars":16,"minecraft:iron_boots":2,"minecraft:iron_axe":2,"minecraft:stone_pickaxe":6,"minecraft:cooked_beef":5,"minecraft:crafting_table":1,"minecraft:wooden_pickaxe":3,"minecraft:iron_helmet":2,"minecraft:birch_planks":60,"minecraft:air":0,"minecraft:iron_chestplate":1,"minecraft:stick":36,"minecraft:iron_ingot":96,"minecraft:iron_pickaxe":5,"minecraft:wooden_axe":2,"minecraft:stone_sword":2,"minecraft:iron_leggings":2,"minecraft:white_bed":1,"minecraft:torch":48},"minecraft:picked_up":{"minecraft:crafting_table":3,"minecraft:chainmail_boots":1,"iceandfire:witherbone":1,"minecraft:string":4,"minecraft:raw_copper":35,"minecraft:iron_leggings":1,"minecraft:iron_shovel":1,"minecraft:cobbled_deepslate":5,"minecraft:beef":11,"minecraft:furnace":4,"minecraft:iron_boots":1,"minecraft:golden_helmet":1,"minecraft:stick":16,"minecraft:raw_iron":73,"minecraft:torch":5,"tombstone:grave_dust":4,"minecraft:pointed_dripstone":4,"minecraft:diorite":42,"minecraft:arrow":7,"minecraft:rotten_flesh":17,"tombstone:essence_of_undeath":1,"minecraft:mutton":4,"minecraft:iron_bars":8,"minecraft:cobblestone":265,"minecraft:white_wool":5,"minecraft:birch_log":15,"minecraft:feather":3,"minecraft:cooked_beef":11,"minecraft:andesite":27,"minecraft:leather":4,"minecraft:birch_planks":6,"minecraft:flint":1,"minecraft:chainmail_chestplate":1,"minecraft:gunpowder":2,"minecraft:lapis_lazuli":9,"minecraft:dirt":14,"minecraft:leather_boots":1,"minecraft:bone":3,"minecraft:stone_bricks":1,"minecraft:raw_gold":23,"minecraft:iron_ingot":2,"dynamictrees:birch_seed":9,"minecraft:mossy_stone_bricks":4,"minecraft:pitcher_pod":2,"minecraft:oak_planks":11,"minecraft:pitcher_plant":1,"minecraft:gravel":1,"minecraft:dripstone_block":2,"minecraft:spider_eye":2,"minecraft:mossy_cobblestone":1,"minecraft:granite":29,"tombstone:magic_scroll":1,"minecraft:coal":57},"minecraft:used":{"minecraft:iron_bars":6,"minecraft:stone_sword":55,"minecraft:iron_sword":61,"minecraft:rotten_flesh":7,"minecraft:torch":115,"minecraft:dirt":3,"minecraft:granite":16,"minecraft:wooden_axe":14,"minecraft:iron_axe":68,"minecraft:beef":6,"minecraft:furnace":9,"tombstone:gift":2,"minecraft:cooked_beef":8,"minecraft:pointed_dripstone":1,"minecraft:cooked_mutton":6,"minecraft:diorite":3,"minecraft:birch_planks":11,"minecraft:baked_potato":8,"minecraft:stone_pickaxe":241,"minecraft:oak_planks":36,"minecraft:wooden_pickaxe":119,"minecraft:pitcher_pod":2,"minecraft:crafting_table":4,"minecraft:white_bed":1,"minecraft:iron_pickaxe":159,"minecraft:wooden_sword":15,"minecraft:cobblestone":107,"minecraft:potion":1,"minecraft:cooked_rabbit":1,"alexsmobs:animal_dictionary":1}},"DataVersion":3465}