{"stats":{"minecraft:killed":{"minecraft:spider":3,"minecraft:creeper":2,"alexsmobs:blue_jay":1,"minecraft:zombie":1,"alexsmobs:terrapin":1,"minecraft:cow":4},"minecraft:mined":{"minecraft:crafting_table":2,"minecraft:torch":1,"minecraft:grass_block":3,"minecraft:cobblestone":7,"minecraft:lapis_ore":2,"minecraft:diorite":7,"minecraft:birch_planks":1,"minecraft:furnace":1,"dynamictrees:dark_oak_leaves":1,"minecraft:iron_ore":13,"minecraft:andesite":3,"minecraft:grass":2,"minecraft:coal_ore":2,"minecraft:dirt":10,"minecraft:stone":160},"minecraft:killed_by":{"minecraft:creeper":1},"minecraft:dropped":{"minecraft:gravel":1,"minecraft:cooked_beef":5,"minecraft:dripstone_block":1,"minecraft:feather":1,"minecraft:cobblestone":2,"minecraft:flint":1,"minecraft:dirt":2,"minecraft:diorite":1,"minecraft:andesite":3,"minecraft:wooden_axe":1,"tombstone:grave_dust":1,"minecraft:wooden_sword":1,"minecraft:wooden_pickaxe":1,"minecraft:iron_pickaxe":1},"minecraft:broken":{"minecraft:wooden_pickaxe":2},"minecraft:custom":{"minecraft:interact_with_furnace":10,"minecraft:mob_kills":12,"minecraft:interact_with_crafting_table":8,"minecraft:leave_game":1,"minecraft:time_since_death":22197,"minecraft:time_since_rest":20890,"minecraft:sprint_one_cm":99273,"minecraft:damage_taken":715,"minecraft:walk_one_cm":42602,"minecraft:drop":17,"minecraft:damage_dealt":1752,"minecraft:swim_one_cm":7175,"minecraft:fly_one_cm":134622,"minecraft:crouch_one_cm":7388,"minecraft:play_time":33044,"tombstone:undead_killed":1,"minecraft:deaths":1,"minecraft:sneak_time":3654,"minecraft:walk_under_water_one_cm":364,"minecraft:jump":875,"minecraft:walk_on_water_one_cm":1355,"minecraft:total_world_time":33044,"minecraft:fall_one_cm":16535},"minecraft:crafted":{"minecraft:cooked_beef":5,"minecraft:wooden_sword":2,"minecraft:crafting_table":1,"minecraft:wooden_pickaxe":3,"minecraft:birch_planks":40,"minecraft:air":0,"minecraft:stick":28,"minecraft:iron_ingot":6,"minecraft:iron_pickaxe":2,"minecraft:stone_pickaxe":6,"minecraft:wooden_axe":2,"minecraft:stone_sword":2,"minecraft:torch":36},"minecraft:picked_up":{"minecraft:birch_log":10,"minecraft:crafting_table":2,"minecraft:feather":1,"minecraft:cooked_beef":8,"minecraft:andesite":3,"minecraft:leather":4,"minecraft:birch_planks":1,"minecraft:flint":1,"minecraft:lapis_lazuli":9,"minecraft:dirt":13,"minecraft:beef":11,"dynamictrees:birch_seed":4,"minecraft:furnace":1,"minecraft:stick":14,"minecraft:raw_iron":13,"minecraft:torch":1,"minecraft:gravel":1,"minecraft:dripstone_block":1,"minecraft:pointed_dripstone":1,"minecraft:diorite":8,"minecraft:coal":8,"minecraft:cobblestone":167},"minecraft:used":{"minecraft:diorite":1,"minecraft:stone_sword":16,"minecraft:birch_planks":4,"minecraft:stone_pickaxe":83,"minecraft:wooden_pickaxe":119,"minecraft:torch":33,"minecraft:dirt":3,"minecraft:crafting_table":3,"minecraft:wooden_axe":12,"minecraft:wooden_sword":15,"minecraft:cobblestone":4,"minecraft:beef":6,"minecraft:furnace":1,"tombstone:gift":2,"alexsmobs:animal_dictionary":1,"minecraft:cooked_beef":4,"minecraft:pointed_dripstone":1}},"DataVersion":3465}