{"stats":{"minecraft:killed_by":{"minecraft:creeper":1},"minecraft:custom":{"minecraft:time_since_rest":11529,"minecraft:interact_with_furnace":6,"minecraft:sprint_one_cm":58356,"minecraft:damage_taken":445,"minecraft:walk_one_cm":28238,"minecraft:mob_kills":8,"minecraft:drop":11,"minecraft:damage_dealt":992,"minecraft:swim_one_cm":7175,"minecraft:interact_with_crafting_table":6,"minecraft:fly_one_cm":104668,"minecraft:crouch_one_cm":6307,"minecraft:play_time":23683,"tombstone:undead_killed":1,"minecraft:deaths":1,"minecraft:sneak_time":3142,"minecraft:walk_under_water_one_cm":364,"minecraft:jump":596,"minecraft:leave_game":1,"minecraft:walk_on_water_one_cm":1355,"minecraft:time_since_death":12836,"minecraft:total_world_time":23683,"minecraft:fall_one_cm":9930},"minecraft:killed":{"alexsmobs:blue_jay":1,"minecraft:zombie":1,"alexsmobs:terrapin":1,"minecraft:spider":1,"minecraft:cow":4},"minecraft:mined":{"minecraft:birch_planks":1,"minecraft:furnace":1,"dynamictrees:dark_oak_leaves":1,"minecraft:andesite":2,"minecraft:torch":1,"minecraft:crafting_table":2,"minecraft:grass":2,"minecraft:grass_block":3,"minecraft:dirt":2,"minecraft:stone":135},"minecraft:used":{"minecraft:wooden_axe":12,"minecraft:birch_planks":4,"minecraft:stone_pickaxe":20,"minecraft:wooden_pickaxe":119,"minecraft:torch":13,"minecraft:wooden_sword":15,"minecraft:dirt":3,"minecraft:beef":6,"minecraft:crafting_table":3,"minecraft:furnace":1,"tombstone:gift":2,"alexsmobs:animal_dictionary":1,"minecraft:cooked_beef":1,"minecraft:pointed_dripstone":1},"minecraft:broken":{"minecraft:wooden_pickaxe":2},"minecraft:crafted":{"minecraft:cooked_beef":5,"minecraft:wooden_sword":2,"minecraft:crafting_table":1,"minecraft:stick":12,"minecraft:wooden_pickaxe":3,"minecraft:stone_pickaxe":2,"minecraft:wooden_axe":2,"minecraft:stone_sword":1,"minecraft:torch":36,"minecraft:birch_planks":40},"minecraft:picked_up":{"minecraft:birch_log":10,"minecraft:cooked_beef":5,"minecraft:stick":14,"minecraft:crafting_table":2,"minecraft:feather":1,"minecraft:andesite":2,"minecraft:gravel":1,"minecraft:leather":4,"minecraft:torch":1,"minecraft:birch_planks":1,"minecraft:dripstone_block":1,"minecraft:flint":1,"minecraft:pointed_dripstone":1,"minecraft:dirt":5,"minecraft:beef":11,"dynamictrees:birch_seed":4,"minecraft:coal":6,"minecraft:cobblestone":135,"minecraft:furnace":1},"minecraft:dropped":{"minecraft:cooked_beef":5,"minecraft:andesite":2,"minecraft:wooden_axe":1,"minecraft:dripstone_block":1,"tombstone:grave_dust":1,"minecraft:feather":1,"minecraft:cobblestone":1,"minecraft:wooden_sword":1,"minecraft:wooden_pickaxe":1,"minecraft:gravel":1}},"DataVersion":3465}