{"stats":{"minecraft:killed":{"minecraft:spider":3,"minecraft:creeper":2,"minecraft:skeleton":2,"alexsmobs:blue_jay":1,"minecraft:zombie":4,"alexsmobs:terrapin":1,"minecraft:cow":4},"minecraft:mined":{"minecraft:crafting_table":3,"minecraft:torch":2,"minecraft:granite":22,"minecraft:grass_block":3,"minecraft:cobblestone":11,"minecraft:deepslate_gold_ore":19,"minecraft:lapis_ore":2,"minecraft:diorite":36,"minecraft:wall_torch":1,"minecraft:birch_planks":1,"minecraft:furnace":2,"dynamictrees:dark_oak_leaves":1,"minecraft:iron_ore":53,"minecraft:andesite":28,"minecraft:grass":3,"minecraft:deepslate_iron_ore":9,"minecraft:pointed_dripstone":2,"minecraft:coal_ore":17,"minecraft:vine":1,"minecraft:dripstone_block":1,"minecraft:dirt":11,"minecraft:stone":236,"minecraft:gold_ore":4,"minecraft:deepslate":5},"minecraft:killed_by":{"minecraft:player":1,"minecraft:creeper":1,"iceandfire:ghost":1},"minecraft:dropped":{"minecraft:gravel":1,"minecraft:cooked_beef":6,"minecraft:cobbled_deepslate":5,"minecraft:dripstone_block":2,"minecraft:pointed_dripstone":3,"minecraft:feather":2,"minecraft:cobblestone":2,"minecraft:granite":7,"minecraft:flint":1,"minecraft:dirt":11,"minecraft:diorite":20,"minecraft:andesite":3,"minecraft:wooden_axe":1,"tombstone:grave_dust":3,"minecraft:wooden_sword":1,"minecraft:wooden_pickaxe":1,"minecraft:iron_pickaxe":1,"minecraft:white_wool":1,"minecraft:bone":2},"minecraft:broken":{"minecraft:stone_pickaxe":1,"minecraft:wooden_pickaxe":2},"minecraft:custom":{"minecraft:interact_with_furnace":11,"minecraft:mob_kills":17,"minecraft:interact_with_crafting_table":8,"minecraft:leave_game":1,"minecraft:time_since_death":43925,"minecraft:time_since_rest":41526,"minecraft:sprint_one_cm":169205,"minecraft:damage_taken":1971,"minecraft:walk_one_cm":81867,"minecraft:trigger_trapped_chest":1,"minecraft:drop":29,"minecraft:damage_dealt":2906,"minecraft:swim_one_cm":7175,"minecraft:player_kills":1,"minecraft:fly_one_cm":341173,"minecraft:crouch_one_cm":11593,"minecraft:play_time":93044,"tombstone:undead_killed":6,"minecraft:deaths":4,"minecraft:sneak_time":5127,"minecraft:walk_under_water_one_cm":364,"minecraft:jump":1706,"minecraft:walk_on_water_one_cm":3425,"minecraft:total_world_time":93044,"minecraft:fall_one_cm":49498},"minecraft:crafted":{"minecraft:cooked_beef":5,"minecraft:wooden_sword":2,"minecraft:crafting_table":1,"minecraft:wooden_pickaxe":3,"minecraft:birch_planks":40,"minecraft:air":0,"minecraft:stick":28,"minecraft:iron_ingot":11,"minecraft:iron_pickaxe":2,"minecraft:stone_pickaxe":6,"minecraft:wooden_axe":2,"minecraft:stone_sword":2,"minecraft:torch":48},"minecraft:picked_up":{"minecraft:birch_log":10,"minecraft:crafting_table":3,"minecraft:feather":3,"minecraft:cooked_beef":8,"minecraft:andesite":27,"minecraft:leather":4,"minecraft:birch_planks":1,"minecraft:flint":1,"minecraft:lapis_lazuli":9,"minecraft:dirt":14,"minecraft:bone":2,"minecraft:cobbled_deepslate":5,"minecraft:raw_gold":23,"minecraft:iron_ingot":2,"minecraft:beef":11,"dynamictrees:birch_seed":4,"minecraft:furnace":2,"minecraft:stick":14,"minecraft:raw_iron":73,"minecraft:torch":3,"minecraft:gravel":1,"minecraft:dripstone_block":2,"tombstone:grave_dust":2,"minecraft:pointed_dripstone":4,"minecraft:diorite":30,"minecraft:rotten_flesh":5,"minecraft:granite":29,"tombstone:essence_of_undeath":1,"minecraft:coal":57,"minecraft:white_wool":1,"minecraft:cobblestone":239},"minecraft:used":{"minecraft:diorite":3,"minecraft:stone_sword":46,"minecraft:birch_planks":4,"minecraft:stone_pickaxe":196,"minecraft:wooden_pickaxe":119,"minecraft:rotten_flesh":4,"minecraft:torch":51,"minecraft:dirt":3,"minecraft:crafting_table":3,"minecraft:granite":16,"minecraft:wooden_axe":13,"minecraft:iron_pickaxe":139,"minecraft:wooden_sword":15,"minecraft:cobblestone":70,"minecraft:beef":6,"minecraft:furnace":1,"tombstone:gift":2,"alexsmobs:animal_dictionary":1,"minecraft:cooked_beef":7,"minecraft:pointed_dripstone":1}},"DataVersion":3465}