{"stats":{"minecraft:dropped":{"minecraft:stone_axe":2,"minecraft:birch_planks":11,"minecraft:cooked_beef":2,"minecraft:cooked_chicken":2,"dynamictrees:birch_seed":2,"minecraft:rotten_flesh":1,"regions_unexplored:tassel":1,"regions_unexplored:redwood_planks":9,"minecraft:red_mushroom":3,"minecraft:chainmail_boots":1,"tombstone:grave_dust":4,"minecraft:potion":1,"minecraft:stone_bricks":2,"minecraft:wooden_sword":1,"minecraft:arrow":1,"minecraft:stone_pickaxe":1,"minecraft:bone":1},"minecraft:crafted":{"minecraft:wooden_sword":3,"minecraft:crafting_table":2,"minecraft:birch_planks":28,"regions_unexplored:redwood_planks":24,"minecraft:stick":8,"minecraft:torch":20},"minecraft:picked_up":{"minecraft:birch_log":7,"minecraft:lime_bed":2,"minecraft:coarse_dirt":4,"minecraft:potato":1,"minecraft:red_mushroom":3,"minecraft:birch_planks":15,"regions_unexplored:tassel":1,"minecraft:bone":1,"minecraft:stone_bricks":9,"dynamictrees:birch_seed":2,"minecraft:glass_bottle":3,"alexsmobs:leafcutter_ant_chamber":1,"regions_unexplored:redwood_log":6,"minecraft:stick":21,"minecraft:torch":1,"tombstone:grave_dust":4,"minecraft:leather_helmet":1,"minecraft:arrow":2,"minecraft:rotten_flesh":4,"minecraft:stone_axe":1,"tombstone:essence_of_undeath":1,"minecraft:iron_bars":3},"minecraft:killed_by":{"cataclysm:deepling_brute":2,"minecraft:skeleton":1,"minecraft:zombie":2,"alexsmobs:leafcutter_ant":1},"minecraft:killed":{"minecraft:spider":2,"minecraft:skeleton":3,"cataclysm:deepling_brute":1,"minecraft:zombie":5,"alexsmobs:leafcutter_ant":1},"minecraft:used":{"minecraft:iron_bars":3,"minecraft:iron_shovel":10,"minecraft:birch_planks":24,"minecraft:shield":10,"minecraft:wooden_pickaxe":27,"minecraft:rotten_flesh":5,"minecraft:torch":29,"regions_unexplored:redwood_planks":5,"minecraft:crafting_table":2,"minecraft:lime_bed":2,"minecraft:carrot":15,"minecraft:apple":4,"minecraft:melon_slice":5,"minecraft:leather_helmet":1,"minecraft:stone_bricks":7,"minecraft:stone_axe":11,"minecraft:wooden_sword":97,"minecraft:chainmail_boots":1,"minecraft:cooked_rabbit":2,"tombstone:gift":6,"alexsmobs:animal_dictionary":1},"minecraft:custom":{"minecraft:interact_with_furnace":2,"minecraft:mob_kills":13,"minecraft:interact_with_crafting_table":4,"minecraft:eat_cake_slice":1,"minecraft:time_since_death":1302,"minecraft:sleep_in_bed":1,"minecraft:time_since_rest":1131,"minecraft:sprint_one_cm":161667,"minecraft:damage_taken":2524,"minecraft:walk_one_cm":77334,"minecraft:damage_blocked_by_shield":915,"minecraft:drop":28,"minecraft:damage_dealt":3035,"minecraft:swim_one_cm":12870,"minecraft:fly_one_cm":122571,"minecraft:open_chest":18,"minecraft:crouch_one_cm":1753,"minecraft:play_time":29487,"tombstone:undead_killed":8,"minecraft:deaths":6,"minecraft:sneak_time":382,"minecraft:walk_under_water_one_cm":576,"minecraft:jump":519,"minecraft:walk_on_water_one_cm":1955,"minecraft:total_world_time":29487,"minecraft:fall_one_cm":7724},"minecraft:mined":{"alexsmobs:leafcutter_anthill":1,"minecraft:rose_bush":1,"alexsmobs:leafcutter_ant_chamber":5,"minecraft:wall_torch":2,"minecraft:spawner":2,"regions_unexplored:birch_branch":1,"minecraft:birch_planks":9,"minecraft:lime_bed":1,"minecraft:coarse_dirt":5,"minecraft:fire":1,"minecraft:iron_bars":6,"regions_unexplored:medium_grass":4,"minecraft:stone_bricks":7,"regions_unexplored:redwood_log":6,"minecraft:fern":1,"regions_unexplored:tassel":1},"minecraft:broken":{"minecraft:leather_helmet":1,"minecraft:wooden_sword":1}},"DataVersion":3465}