{"stats":{"minecraft:picked_up":{"minecraft:crafting_table":3,"minecraft:stick":8,"minecraft:raw_iron":1,"minecraft:sweet_berries":7,"dynamictrees:spruce_seed":3,"minecraft:wooden_pickaxe":1,"minecraft:spruce_log":5,"minecraft:dirt":6,"minecraft:rotten_flesh":7,"minecraft:stone_pickaxe":1,"minecraft:cobblestone_slab":12,"minecraft:glow_berries":2,"minecraft:coal":20,"iceandfire:raw_silver":3,"minecraft:cobblestone":27,"minecraft:furnace":2},"minecraft:custom":{"minecraft:time_since_rest":15655,"minecraft:damage_taken":215,"minecraft:interact_with_furnace":7,"minecraft:sprint_one_cm":57609,"minecraft:walk_one_cm":26364,"minecraft:mob_kills":6,"minecraft:drop":9,"minecraft:damage_dealt":1245,"minecraft:swim_one_cm":2584,"minecraft:interact_with_crafting_table":8,"minecraft:fly_one_cm":78794,"minecraft:crouch_one_cm":11001,"minecraft:play_time":15655,"tombstone:undead_killed":4,"minecraft:sneak_time":3429,"minecraft:walk_under_water_one_cm":318,"minecraft:jump":421,"minecraft:walk_on_water_one_cm":1070,"minecraft:time_since_death":15655,"minecraft:total_world_time":15655,"minecraft:fall_one_cm":12171},"minecraft:dropped":{"minecraft:stone_axe":1,"minecraft:cobblestone_slab":18,"minecraft:wooden_axe":1,"minecraft:rotten_flesh":1,"minecraft:stone_pickaxe":1,"minecraft:wooden_pickaxe":2},"minecraft:used":{"minecraft:wooden_axe":1,"dynamictrees:spruce_seed":3,"minecraft:stone_sword":25,"minecraft:stone_pickaxe":42,"minecraft:wooden_pickaxe":11,"minecraft:rotten_flesh":6,"minecraft:stone_axe":3,"minecraft:torch":4,"minecraft:glow_berries":4,"minecraft:dirt":2,"minecraft:cobblestone":1,"minecraft:sweet_berries":12,"minecraft:crafting_table":4,"minecraft:furnace":3},"minecraft:killed":{"minecraft:zombie":4,"minecraft:spider":2},"minecraft:crafted":{"minecraft:cobblestone_slab":6,"minecraft:crafting_table":1,"minecraft:spruce_planks":20,"minecraft:stick":16,"minecraft:iron_ingot":1,"minecraft:wooden_pickaxe":1,"minecraft:stone_pickaxe":2,"minecraft:wooden_axe":1,"minecraft:stone_sword":1,"minecraft:furnace":1,"minecraft:torch":44,"minecraft:stone_axe":2},"minecraft:mined":{"minecraft:furnace":2,"iceandfire:silver_ore":3,"minecraft:iron_ore":1,"dynamictrees:spruce_leaves":1,"minecraft:crafting_table":3,"minecraft:cave_vines_plant":1,"minecraft:coal_ore":20,"minecraft:cave_vines":1,"dynamictrees:flowering_azalea_leaves":1,"minecraft:tall_grass":1,"minecraft:stone":27,"minecraft:fern":2}},"DataVersion":3465}