{"stats":{"minecraft:dropped":{"minecraft:cooked_chicken":2,"minecraft:cooked_beef":2,"minecraft:chainmail_boots":1,"minecraft:potion":1,"tombstone:grave_dust":2},"minecraft:crafted":{"minecraft:wooden_sword":1,"regions_unexplored:redwood_planks":24,"minecraft:crafting_table":1,"minecraft:stick":8,"minecraft:birch_planks":28,"minecraft:torch":8},"minecraft:picked_up":{"minecraft:birch_log":7,"minecraft:lime_bed":1,"minecraft:stick":21,"minecraft:torch":1,"tombstone:grave_dust":1,"minecraft:bone":1,"minecraft:arrow":1,"minecraft:rotten_flesh":3,"minecraft:stone_bricks":8,"dynamictrees:birch_seed":2,"minecraft:iron_bars":3,"regions_unexplored:redwood_log":6},"minecraft:killed_by":{"minecraft:skeleton":1,"minecraft:zombie":2},"minecraft:killed":{"minecraft:skeleton":2,"minecraft:zombie":3},"minecraft:used":{"minecraft:iron_bars":3,"minecraft:apple":4,"minecraft:birch_planks":2,"minecraft:melon_slice":5,"minecraft:wooden_pickaxe":25,"minecraft:shield":5,"minecraft:rotten_flesh":3,"minecraft:stone_bricks":6,"minecraft:torch":5,"minecraft:wooden_sword":53,"regions_unexplored:redwood_planks":5,"minecraft:crafting_table":1,"minecraft:chainmail_boots":1,"minecraft:cooked_rabbit":2,"tombstone:gift":2,"alexsmobs:animal_dictionary":1},"minecraft:custom":{"minecraft:time_since_rest":3449,"minecraft:interact_with_furnace":2,"minecraft:sprint_one_cm":85901,"minecraft:damage_taken":1237,"minecraft:walk_one_cm":41311,"minecraft:damage_blocked_by_shield":420,"minecraft:mob_kills":6,"minecraft:drop":8,"minecraft:damage_dealt":1491,"minecraft:interact_with_crafting_table":1,"minecraft:fly_one_cm":66478,"minecraft:open_chest":9,"minecraft:crouch_one_cm":1558,"minecraft:sneak_time":326,"minecraft:play_time":17487,"tombstone:undead_killed":5,"minecraft:deaths":3,"minecraft:walk_under_water_one_cm":70,"minecraft:jump":296,"minecraft:walk_on_water_one_cm":460,"minecraft:time_since_death":5626,"minecraft:total_world_time":17487,"minecraft:fall_one_cm":4397},"minecraft:mined":{"minecraft:fire":1,"minecraft:iron_bars":4,"regions_unexplored:medium_grass":1,"minecraft:stone_bricks":7,"regions_unexplored:redwood_log":6,"minecraft:wall_torch":2,"minecraft:fern":1,"minecraft:spawner":2}},"DataVersion":3465}